-- USE DB
USE mavericks_db;


 -- manager_T
INSERT INTO `manager_T` (`managerId`,`managerFirstName`,`managerLastName`,`managerPhone`,`managerEmail`,`managerStreetAddress`,`managerZipCode`) VALUES (1,"Keegan","Eaton","4232734658","tincidunt.nunc.ac@elitpharetra.org","2346 Mauris Street","93862");
INSERT INTO `manager_T` (`managerId`,`managerFirstName`,`managerLastName`,`managerPhone`,`managerEmail`,`managerStreetAddress`,`managerZipCode`) VALUES (2,"Kerry","Ward","9617251526","pellentesque@nisl.net","Ap #883-3975 Id, Ave","57845");
INSERT INTO `manager_T` (`managerId`,`managerFirstName`,`managerLastName`,`managerPhone`,`managerEmail`,`managerStreetAddress`,`managerZipCode`) VALUES (3,"Genevieve","Summers","1982726819","vestibulum.lorem@dui.ca","6976 Sed St.","56391");
INSERT INTO `manager_T` (`managerId`,`managerFirstName`,`managerLastName`,`managerPhone`,`managerEmail`,`managerStreetAddress`,`managerZipCode`) VALUES (4,"Chaney","Fuentes","8598023619","elit.fermentum.risus@etcommodo.edu","Ap #485-8297 Eget Avenue","67897");
INSERT INTO `manager_T` (`managerId`,`managerFirstName`,`managerLastName`,`managerPhone`,`managerEmail`,`managerStreetAddress`,`managerZipCode`) VALUES (5,"Robert","Kaufman","0795238386","vel.arcu.Curabitur@Donec.net","994-3713 Taciti Rd.","91969");
INSERT INTO `manager_T` (`managerId`,`managerFirstName`,`managerLastName`,`managerPhone`,`managerEmail`,`managerStreetAddress`,`managerZipCode`) VALUES (6,"Flynn","Zimmerman","0740442985","Vivamus.molestie@etrutrum.net","7840 Orci Rd.","24868");
INSERT INTO `manager_T` (`managerId`,`managerFirstName`,`managerLastName`,`managerPhone`,`managerEmail`,`managerStreetAddress`,`managerZipCode`) VALUES (7,"Perry","Chen","4040602969","scelerisque.neque.Nullam@dui.net","3207 Ut Rd.","70291");
INSERT INTO `manager_T` (`managerId`,`managerFirstName`,`managerLastName`,`managerPhone`,`managerEmail`,`managerStreetAddress`,`managerZipCode`) VALUES (8,"Linus","Huber","5336787454","auctor.quis.tristique@maurisblandit.co.uk","9586 Magna. Rd.","16708");
INSERT INTO `manager_T` (`managerId`,`managerFirstName`,`managerLastName`,`managerPhone`,`managerEmail`,`managerStreetAddress`,`managerZipCode`) VALUES (9,"Sigourney","Roth","2843113778","risus.Nulla.eget@feugiat.net","Ap #472-5032 Semper St.","95645");
INSERT INTO `manager_T` (`managerId`,`managerFirstName`,`managerLastName`,`managerPhone`,`managerEmail`,`managerStreetAddress`,`managerZipCode`) VALUES (10,"Zachary","Trujillo","9129908032","Aliquam.nec@sitamet.edu","6282 Est Rd.","40311");
INSERT INTO `manager_T` (`managerId`,`managerFirstName`,`managerLastName`,`managerPhone`,`managerEmail`,`managerStreetAddress`,`managerZipCode`) VALUES (11,"Ivor","Mooney","1894977005","nec@eu.net","213-8180 Egestas Rd.","31468");
INSERT INTO `manager_T` (`managerId`,`managerFirstName`,`managerLastName`,`managerPhone`,`managerEmail`,`managerStreetAddress`,`managerZipCode`) VALUES (12,"Henry","Lara","1932177454","lectus.ante.dictum@erat.edu","P.O. Box 416, 1227 Dolor, St.","56863");
INSERT INTO `manager_T` (`managerId`,`managerFirstName`,`managerLastName`,`managerPhone`,`managerEmail`,`managerStreetAddress`,`managerZipCode`) VALUES (13,"Madison","Wilson","4893552164","at@enim.net","P.O. Box 128, 6658 A Av.","76197");
INSERT INTO `manager_T` (`managerId`,`managerFirstName`,`managerLastName`,`managerPhone`,`managerEmail`,`managerStreetAddress`,`managerZipCode`) VALUES (14,"Lacy","Gutierrez","4929040808","Sed.dictum@utpellentesque.ca","394-3128 Vel St.","61266");
INSERT INTO `manager_T` (`managerId`,`managerFirstName`,`managerLastName`,`managerPhone`,`managerEmail`,`managerStreetAddress`,`managerZipCode`) VALUES (15,"Serena","Velazquez","0664564817","Sed.nunc.est@Duisgravida.net","P.O. Box 195, 5405 Non, Av.","88030");
INSERT INTO `manager_T` (`managerId`,`managerFirstName`,`managerLastName`,`managerPhone`,`managerEmail`,`managerStreetAddress`,`managerZipCode`) VALUES (16,"Jamal","Sweeney","8337544080","egestas@elit.ca","441 Fermentum Rd.","30687");
INSERT INTO `manager_T` (`managerId`,`managerFirstName`,`managerLastName`,`managerPhone`,`managerEmail`,`managerStreetAddress`,`managerZipCode`) VALUES (17,"Brynn","Gamble","5085014194","quis@pellentesquetellussem.com","Ap #167-9900 Magna. Street","32747");
INSERT INTO `manager_T` (`managerId`,`managerFirstName`,`managerLastName`,`managerPhone`,`managerEmail`,`managerStreetAddress`,`managerZipCode`) VALUES (18,"Victor","Wise","6737902817","Suspendisse@lobortisClassaptent.edu","9240 Eu Avenue","63885");
INSERT INTO `manager_T` (`managerId`,`managerFirstName`,`managerLastName`,`managerPhone`,`managerEmail`,`managerStreetAddress`,`managerZipCode`) VALUES (19,"John","Ramirez","7091821097","et@purus.ca","3108 Egestas Avenue","64654");
INSERT INTO `manager_T` (`managerId`,`managerFirstName`,`managerLastName`,`managerPhone`,`managerEmail`,`managerStreetAddress`,`managerZipCode`) VALUES (20,"Beau","Mooney","7693265799","ut.pellentesque@diamSeddiam.co.uk","827-9356 Magna, Road","57976");
INSERT INTO `manager_T` (`managerId`,`managerFirstName`,`managerLastName`,`managerPhone`,`managerEmail`,`managerStreetAddress`,`managerZipCode`) VALUES (21,"Kelsie","Potts","5263673378","amet.diam.eu@malesuadaaugue.edu","6820 Taciti Street","24620");
INSERT INTO `manager_T` (`managerId`,`managerFirstName`,`managerLastName`,`managerPhone`,`managerEmail`,`managerStreetAddress`,`managerZipCode`) VALUES (22,"Walter","Mathis","2527574875","urna.Vivamus.molestie@Sed.net","665-2360 Dolor Road","77264");
INSERT INTO `manager_T` (`managerId`,`managerFirstName`,`managerLastName`,`managerPhone`,`managerEmail`,`managerStreetAddress`,`managerZipCode`) VALUES (23,"Ginger","Salazar","8076411917","Vestibulum.accumsan@perconubia.org","Ap #839-6380 Cras Street","95086");
INSERT INTO `manager_T` (`managerId`,`managerFirstName`,`managerLastName`,`managerPhone`,`managerEmail`,`managerStreetAddress`,`managerZipCode`) VALUES (24,"Eugenia","Brock","3005977645","nec.ante@amagnaLorem.co.uk","P.O. Box 873, 7503 Donec St.","64674");
INSERT INTO `manager_T` (`managerId`,`managerFirstName`,`managerLastName`,`managerPhone`,`managerEmail`,`managerStreetAddress`,`managerZipCode`) VALUES (25,"Palmer","Bradshaw","4732454107","cursus@estac.org","P.O. Box 475, 3858 Litora St.","29036");
INSERT INTO `manager_T` (`managerId`,`managerFirstName`,`managerLastName`,`managerPhone`,`managerEmail`,`managerStreetAddress`,`managerZipCode`) VALUES (26,"Murphy","Strong","0931275715","enim.Curabitur.massa@sitametnulla.net","301-8884 Vitae St.","68704");
INSERT INTO `manager_T` (`managerId`,`managerFirstName`,`managerLastName`,`managerPhone`,`managerEmail`,`managerStreetAddress`,`managerZipCode`) VALUES (27,"Sacha","Weiss","5914668205","ante@duinec.com","1056 Libero. Street","65604");
INSERT INTO `manager_T` (`managerId`,`managerFirstName`,`managerLastName`,`managerPhone`,`managerEmail`,`managerStreetAddress`,`managerZipCode`) VALUES (28,"Minerva","William","7248854451","euismod@ultrices.com","5424 Iaculis Avenue","12999");
INSERT INTO `manager_T` (`managerId`,`managerFirstName`,`managerLastName`,`managerPhone`,`managerEmail`,`managerStreetAddress`,`managerZipCode`) VALUES (29,"Kitra","Barrett","4660920034","vel.nisl.Quisque@sociosqu.edu","110-5557 Magna. Avenue","63229");
INSERT INTO `manager_T` (`managerId`,`managerFirstName`,`managerLastName`,`managerPhone`,`managerEmail`,`managerStreetAddress`,`managerZipCode`) VALUES (30,"Rigel","Baird","8227238787","natoque.penatibus@eueleifend.net","P.O. Box 466, 2021 Suscipit Rd.","36620");
INSERT INTO `manager_T` (`managerId`,`managerFirstName`,`managerLastName`,`managerPhone`,`managerEmail`,`managerStreetAddress`,`managerZipCode`) VALUES (31,"Susan","Ross","2498196198","Nulla@nonsapien.net","Ap #755-7301 A, Av.","92624");
INSERT INTO `manager_T` (`managerId`,`managerFirstName`,`managerLastName`,`managerPhone`,`managerEmail`,`managerStreetAddress`,`managerZipCode`) VALUES (32,"Hayfa","Merritt","2203225539","elit.dictum@metuseu.co.uk","Ap #994-6366 Rutrum, Ave","75335");
INSERT INTO `manager_T` (`managerId`,`managerFirstName`,`managerLastName`,`managerPhone`,`managerEmail`,`managerStreetAddress`,`managerZipCode`) VALUES (33,"Reese","Robles","5129408905","dis.parturient.montes@augueSed.org","586-3041 Et St.","40336");
INSERT INTO `manager_T` (`managerId`,`managerFirstName`,`managerLastName`,`managerPhone`,`managerEmail`,`managerStreetAddress`,`managerZipCode`) VALUES (34,"Isabelle","Hester","8280905411","Suspendisse.non@maurisrhoncus.net","1673 Dolor Rd.","58850");
INSERT INTO `manager_T` (`managerId`,`managerFirstName`,`managerLastName`,`managerPhone`,`managerEmail`,`managerStreetAddress`,`managerZipCode`) VALUES (35,"Demetria","Lyons","8646922961","velit.justo@Vivamusnon.ca","9964 Molestie Ave","26004");
INSERT INTO `manager_T` (`managerId`,`managerFirstName`,`managerLastName`,`managerPhone`,`managerEmail`,`managerStreetAddress`,`managerZipCode`) VALUES (36,"Colton","Eaton","1743899134","Ut@lacusvariuset.ca","910-4640 Morbi St.","98009");
INSERT INTO `manager_T` (`managerId`,`managerFirstName`,`managerLastName`,`managerPhone`,`managerEmail`,`managerStreetAddress`,`managerZipCode`) VALUES (37,"Hollee","Byers","0423933931","diam.luctus@magnaDuis.edu","Ap #271-292 Lorem Road","62432");
INSERT INTO `manager_T` (`managerId`,`managerFirstName`,`managerLastName`,`managerPhone`,`managerEmail`,`managerStreetAddress`,`managerZipCode`) VALUES (38,"Gregory","Klein","7903548769","et.rutrum@et.edu","530-9018 Cras Rd.","96450");
INSERT INTO `manager_T` (`managerId`,`managerFirstName`,`managerLastName`,`managerPhone`,`managerEmail`,`managerStreetAddress`,`managerZipCode`) VALUES (39,"Curran","Rutledge","2776418950","rhoncus.Donec@inaliquetlobortis.ca","P.O. Box 885, 7779 Pede. Road","28796");
INSERT INTO `manager_T` (`managerId`,`managerFirstName`,`managerLastName`,`managerPhone`,`managerEmail`,`managerStreetAddress`,`managerZipCode`) VALUES (40,"Allistair","Tate","8203023991","nulla.Donec@laciniavitaesodales.edu","Ap #995-8966 Vel St.","65609");
INSERT INTO `manager_T` (`managerId`,`managerFirstName`,`managerLastName`,`managerPhone`,`managerEmail`,`managerStreetAddress`,`managerZipCode`) VALUES (41,"Colt","Ward","9127233644","sit.amet@feugiatnonlobortis.com","6821 Feugiat Street","30307");
INSERT INTO `manager_T` (`managerId`,`managerFirstName`,`managerLastName`,`managerPhone`,`managerEmail`,`managerStreetAddress`,`managerZipCode`) VALUES (42,"Yeo","Harmon","1390673233","scelerisque.lorem.ipsum@atarcu.org","879-7272 Vel, Ave","94327");
INSERT INTO `manager_T` (`managerId`,`managerFirstName`,`managerLastName`,`managerPhone`,`managerEmail`,`managerStreetAddress`,`managerZipCode`) VALUES (43,"Maggy","Oneill","4865028994","sociis.natoque@orci.co.uk","196-7071 Vestibulum, Rd.","55596");
INSERT INTO `manager_T` (`managerId`,`managerFirstName`,`managerLastName`,`managerPhone`,`managerEmail`,`managerStreetAddress`,`managerZipCode`) VALUES (44,"Hadassah","Montoya","4838854483","sit.amet@egestasSed.com","1252 Augue. Street","16460");
INSERT INTO `manager_T` (`managerId`,`managerFirstName`,`managerLastName`,`managerPhone`,`managerEmail`,`managerStreetAddress`,`managerZipCode`) VALUES (45,"Maia","Flowers","0846599336","diam.eu@magna.net","P.O. Box 746, 389 Donec Rd.","56673");
INSERT INTO `manager_T` (`managerId`,`managerFirstName`,`managerLastName`,`managerPhone`,`managerEmail`,`managerStreetAddress`,`managerZipCode`) VALUES (46,"Althea","Conley","6273693656","at@luctusut.com","364-6330 Nulla St.","81342");
INSERT INTO `manager_T` (`managerId`,`managerFirstName`,`managerLastName`,`managerPhone`,`managerEmail`,`managerStreetAddress`,`managerZipCode`) VALUES (47,"Nigel","Daniel","0349691170","quis@Proindolor.org","871 Elit. Rd.","42633");
INSERT INTO `manager_T` (`managerId`,`managerFirstName`,`managerLastName`,`managerPhone`,`managerEmail`,`managerStreetAddress`,`managerZipCode`) VALUES (48,"Madonna","Montgomery","2994505831","porttitor.eros.nec@quamPellentesque.co.uk","7103 Posuere Ave","47197");
INSERT INTO `manager_T` (`managerId`,`managerFirstName`,`managerLastName`,`managerPhone`,`managerEmail`,`managerStreetAddress`,`managerZipCode`) VALUES (49,"Tatum","Callahan","8509593864","lectus@CuraePhasellusornare.com","332-8806 Mauris Road","58006");
INSERT INTO `manager_T` (`managerId`,`managerFirstName`,`managerLastName`,`managerPhone`,`managerEmail`,`managerStreetAddress`,`managerZipCode`) VALUES (50,"Burton","Johnson","3900119293","leo.in@odio.org","P.O. Box 199, 1519 Lobortis St.","57812");
INSERT INTO `manager_T` (`managerId`,`managerFirstName`,`managerLastName`,`managerPhone`,`managerEmail`,`managerStreetAddress`,`managerZipCode`) VALUES (51,"Ferdinand","Sexton","9452547803","tortor.dictum@eratvolutpat.com","P.O. Box 241, 9419 Consectetuer, Road","13412");
INSERT INTO `manager_T` (`managerId`,`managerFirstName`,`managerLastName`,`managerPhone`,`managerEmail`,`managerStreetAddress`,`managerZipCode`) VALUES (52,"Daria","Irwin","6061969648","vitae@elitNulla.net","P.O. Box 902, 5766 Mauris Avenue","71414");
INSERT INTO `manager_T` (`managerId`,`managerFirstName`,`managerLastName`,`managerPhone`,`managerEmail`,`managerStreetAddress`,`managerZipCode`) VALUES (53,"Cleo","Workman","4140669595","tincidunt.tempus@NullainterdumCurabitur.org","P.O. Box 651, 2772 Nisl. Avenue","50016");
INSERT INTO `manager_T` (`managerId`,`managerFirstName`,`managerLastName`,`managerPhone`,`managerEmail`,`managerStreetAddress`,`managerZipCode`) VALUES (54,"Adena","Valdez","0704451134","Aliquam.nec.enim@ac.net","3612 Scelerisque Street","85217");
INSERT INTO `manager_T` (`managerId`,`managerFirstName`,`managerLastName`,`managerPhone`,`managerEmail`,`managerStreetAddress`,`managerZipCode`) VALUES (55,"Kelly","Ware","6273104421","Nunc.laoreet@nuncinterdum.co.uk","Ap #308-8015 Lobortis. St.","72669");
INSERT INTO `manager_T` (`managerId`,`managerFirstName`,`managerLastName`,`managerPhone`,`managerEmail`,`managerStreetAddress`,`managerZipCode`) VALUES (56,"Bevis","Potts","8183035362","Pellentesque.tincidunt@Vivamus.co.uk","Ap #535-2175 Donec Road","99635");
INSERT INTO `manager_T` (`managerId`,`managerFirstName`,`managerLastName`,`managerPhone`,`managerEmail`,`managerStreetAddress`,`managerZipCode`) VALUES (57,"Avye","Bailey","9146194689","elit@semeget.edu","Ap #474-4220 Lectus Ave","18656");
INSERT INTO `manager_T` (`managerId`,`managerFirstName`,`managerLastName`,`managerPhone`,`managerEmail`,`managerStreetAddress`,`managerZipCode`) VALUES (58,"Cain","Clements","3328542908","tempor@amet.ca","2365 In Av.","25709");
INSERT INTO `manager_T` (`managerId`,`managerFirstName`,`managerLastName`,`managerPhone`,`managerEmail`,`managerStreetAddress`,`managerZipCode`) VALUES (59,"Selma","Hendricks","6464301868","sed@dui.com","Ap #233-2377 Fringilla Rd.","53359");
INSERT INTO `manager_T` (`managerId`,`managerFirstName`,`managerLastName`,`managerPhone`,`managerEmail`,`managerStreetAddress`,`managerZipCode`) VALUES (60,"Lael","Riggs","3393608766","fermentum@neceleifendnon.co.uk","6771 Nec St.","66627");
INSERT INTO `manager_T` (`managerId`,`managerFirstName`,`managerLastName`,`managerPhone`,`managerEmail`,`managerStreetAddress`,`managerZipCode`) VALUES (61,"Stacey","Melendez","5393110132","nulla.Integer.urna@vehiculaet.edu","4963 Vel Av.","93144");
INSERT INTO `manager_T` (`managerId`,`managerFirstName`,`managerLastName`,`managerPhone`,`managerEmail`,`managerStreetAddress`,`managerZipCode`) VALUES (62,"Lawrence","Ortega","4624443029","urna@adipiscingelitAliquam.edu","3212 Enim, Ave","48351");
INSERT INTO `manager_T` (`managerId`,`managerFirstName`,`managerLastName`,`managerPhone`,`managerEmail`,`managerStreetAddress`,`managerZipCode`) VALUES (63,"Fuller","Harrell","5679179626","faucibus.id.libero@aaliquet.ca","P.O. Box 915, 3216 Eget St.","28754");
INSERT INTO `manager_T` (`managerId`,`managerFirstName`,`managerLastName`,`managerPhone`,`managerEmail`,`managerStreetAddress`,`managerZipCode`) VALUES (64,"Abel","Cash","7356645303","Mauris.magna@felisadipiscing.co.uk","Ap #247-796 Senectus Road","81753");
INSERT INTO `manager_T` (`managerId`,`managerFirstName`,`managerLastName`,`managerPhone`,`managerEmail`,`managerStreetAddress`,`managerZipCode`) VALUES (65,"Teegan","Williams","1313744639","Vivamus@duiaugue.com","6010 Ullamcorper Rd.","20680");
INSERT INTO `manager_T` (`managerId`,`managerFirstName`,`managerLastName`,`managerPhone`,`managerEmail`,`managerStreetAddress`,`managerZipCode`) VALUES (66,"Chandler","Wiley","1667866257","amet.orci@interdum.com","P.O. Box 894, 6537 Nisl Rd.","20749");
INSERT INTO `manager_T` (`managerId`,`managerFirstName`,`managerLastName`,`managerPhone`,`managerEmail`,`managerStreetAddress`,`managerZipCode`) VALUES (67,"Armand","Foster","1303202375","vestibulum.Mauris@nibhDonecest.edu","Ap #671-1463 Purus. Rd.","47521");
INSERT INTO `manager_T` (`managerId`,`managerFirstName`,`managerLastName`,`managerPhone`,`managerEmail`,`managerStreetAddress`,`managerZipCode`) VALUES (68,"Evan","Atkins","1954802045","nec@Ut.com","3439 Nisi Rd.","83671");
INSERT INTO `manager_T` (`managerId`,`managerFirstName`,`managerLastName`,`managerPhone`,`managerEmail`,`managerStreetAddress`,`managerZipCode`) VALUES (69,"Zenia","Pollard","7205651620","vel.mauris@ultricies.co.uk","P.O. Box 375, 3250 Tristique Rd.","13471");
INSERT INTO `manager_T` (`managerId`,`managerFirstName`,`managerLastName`,`managerPhone`,`managerEmail`,`managerStreetAddress`,`managerZipCode`) VALUES (70,"Stephen","Frost","4828167604","sed@Mauris.edu","309-7689 Nec, Ave","71048");
INSERT INTO `manager_T` (`managerId`,`managerFirstName`,`managerLastName`,`managerPhone`,`managerEmail`,`managerStreetAddress`,`managerZipCode`) VALUES (71,"Phillip","Fisher","9694969703","adipiscing.Mauris.molestie@magnaLorem.com","5264 Vulputate, Avenue","57200");
INSERT INTO `manager_T` (`managerId`,`managerFirstName`,`managerLastName`,`managerPhone`,`managerEmail`,`managerStreetAddress`,`managerZipCode`) VALUES (72,"Thane","Kent","4816323192","eu.turpis.Nulla@atortorNunc.com","484-4509 Felis Avenue","69072");
INSERT INTO `manager_T` (`managerId`,`managerFirstName`,`managerLastName`,`managerPhone`,`managerEmail`,`managerStreetAddress`,`managerZipCode`) VALUES (73,"Michael","Skinner","5774483646","ac@pede.net","5873 Pede Avenue","43576");
INSERT INTO `manager_T` (`managerId`,`managerFirstName`,`managerLastName`,`managerPhone`,`managerEmail`,`managerStreetAddress`,`managerZipCode`) VALUES (74,"Quon","Hughes","6909250781","et.malesuada@faucibusut.net","P.O. Box 133, 5591 Massa. Road","66787");
INSERT INTO `manager_T` (`managerId`,`managerFirstName`,`managerLastName`,`managerPhone`,`managerEmail`,`managerStreetAddress`,`managerZipCode`) VALUES (75,"Dara","Lambert","3070643967","interdum.libero@tempor.ca","9435 Ipsum. Av.","98681");
INSERT INTO `manager_T` (`managerId`,`managerFirstName`,`managerLastName`,`managerPhone`,`managerEmail`,`managerStreetAddress`,`managerZipCode`) VALUES (76,"Cairo","Key","8176583672","commodo.at.libero@facilisis.co.uk","P.O. Box 822, 6938 Enim. Av.","91100");
INSERT INTO `manager_T` (`managerId`,`managerFirstName`,`managerLastName`,`managerPhone`,`managerEmail`,`managerStreetAddress`,`managerZipCode`) VALUES (77,"Megan","Romero","4730626625","vulputate.velit.eu@Donectempor.org","P.O. Box 299, 4289 Duis Ave","14591");
INSERT INTO `manager_T` (`managerId`,`managerFirstName`,`managerLastName`,`managerPhone`,`managerEmail`,`managerStreetAddress`,`managerZipCode`) VALUES (78,"Louis","Terrell","3553045534","quis.turpis@Donecestmauris.edu","4405 Lacus. Road","96691");
INSERT INTO `manager_T` (`managerId`,`managerFirstName`,`managerLastName`,`managerPhone`,`managerEmail`,`managerStreetAddress`,`managerZipCode`) VALUES (79,"Gregory","Howe","5973152416","felis.Nulla.tempor@pedeultricesa.com","106-3431 Eu Avenue","62717");
INSERT INTO `manager_T` (`managerId`,`managerFirstName`,`managerLastName`,`managerPhone`,`managerEmail`,`managerStreetAddress`,`managerZipCode`) VALUES (80,"Petra","Phelps","2277993952","et.ultrices@arcuNunc.net","6739 Egestas. Av.","89196");
INSERT INTO `manager_T` (`managerId`,`managerFirstName`,`managerLastName`,`managerPhone`,`managerEmail`,`managerStreetAddress`,`managerZipCode`) VALUES (81,"Branden","Bender","0866611835","egestas.blandit@Fusce.org","P.O. Box 164, 7918 Pellentesque St.","21651");
INSERT INTO `manager_T` (`managerId`,`managerFirstName`,`managerLastName`,`managerPhone`,`managerEmail`,`managerStreetAddress`,`managerZipCode`) VALUES (82,"Savannah","Bolton","4027347842","nec@mipedenonummy.org","9752 Magnis Rd.","50058");
INSERT INTO `manager_T` (`managerId`,`managerFirstName`,`managerLastName`,`managerPhone`,`managerEmail`,`managerStreetAddress`,`managerZipCode`) VALUES (83,"Cameron","Clemons","1848787370","sit@adipiscing.com","386-7410 Et, Rd.","88217");
INSERT INTO `manager_T` (`managerId`,`managerFirstName`,`managerLastName`,`managerPhone`,`managerEmail`,`managerStreetAddress`,`managerZipCode`) VALUES (84,"Candice","Reilly","4136659028","auctor.ullamcorper.nisl@urnasuscipit.edu","P.O. Box 548, 5205 Consectetuer Rd.","59650");
INSERT INTO `manager_T` (`managerId`,`managerFirstName`,`managerLastName`,`managerPhone`,`managerEmail`,`managerStreetAddress`,`managerZipCode`) VALUES (85,"Asher","Dean","9935496807","Cras@dolor.ca","567-9580 Eu, Street","40343");
INSERT INTO `manager_T` (`managerId`,`managerFirstName`,`managerLastName`,`managerPhone`,`managerEmail`,`managerStreetAddress`,`managerZipCode`) VALUES (86,"Sylvia","Bauer","4040862838","mi@convalliserateget.ca","5990 Risus. St.","24686");
INSERT INTO `manager_T` (`managerId`,`managerFirstName`,`managerLastName`,`managerPhone`,`managerEmail`,`managerStreetAddress`,`managerZipCode`) VALUES (87,"Sylvester","Brady","3176865577","erat@arcuimperdietullamcorper.co.uk","846-7064 Donec Av.","80650");
INSERT INTO `manager_T` (`managerId`,`managerFirstName`,`managerLastName`,`managerPhone`,`managerEmail`,`managerStreetAddress`,`managerZipCode`) VALUES (88,"Cynthia","Mercado","4269260961","magna.malesuada@et.net","P.O. Box 579, 8953 Ultrices Avenue","11844");
INSERT INTO `manager_T` (`managerId`,`managerFirstName`,`managerLastName`,`managerPhone`,`managerEmail`,`managerStreetAddress`,`managerZipCode`) VALUES (89,"Candace","Payne","7040540189","Quisque.nonummy@eumetus.edu","Ap #750-1663 Ac Av.","34331");
INSERT INTO `manager_T` (`managerId`,`managerFirstName`,`managerLastName`,`managerPhone`,`managerEmail`,`managerStreetAddress`,`managerZipCode`) VALUES (90,"Hector","Wilder","5447766984","id.enim.Curabitur@ligulaelitpretium.co.uk","P.O. Box 104, 1007 Sem St.","89291");
INSERT INTO `manager_T` (`managerId`,`managerFirstName`,`managerLastName`,`managerPhone`,`managerEmail`,`managerStreetAddress`,`managerZipCode`) VALUES (91,"Ross","Talley","3058895569","Aliquam.ultrices.iaculis@turpis.edu","596-654 Gravida Ave","89340");
INSERT INTO `manager_T` (`managerId`,`managerFirstName`,`managerLastName`,`managerPhone`,`managerEmail`,`managerStreetAddress`,`managerZipCode`) VALUES (92,"Odette","Duffy","1030050208","tristique.senectus@velitQuisque.com","2489 Eget, Street","29564");
INSERT INTO `manager_T` (`managerId`,`managerFirstName`,`managerLastName`,`managerPhone`,`managerEmail`,`managerStreetAddress`,`managerZipCode`) VALUES (93,"Neville","Perez","7198092785","Pellentesque@Praesentinterdum.org","555-979 Quisque St.","53557");
INSERT INTO `manager_T` (`managerId`,`managerFirstName`,`managerLastName`,`managerPhone`,`managerEmail`,`managerStreetAddress`,`managerZipCode`) VALUES (94,"Daniel","Hunter","2530087693","Proin.velit@sociisnatoquepenatibus.ca","P.O. Box 955, 9404 Mauris Road","52599");
INSERT INTO `manager_T` (`managerId`,`managerFirstName`,`managerLastName`,`managerPhone`,`managerEmail`,`managerStreetAddress`,`managerZipCode`) VALUES (95,"Norman","Meyers","3544952404","luctus.felis@elitEtiamlaoreet.com","1063 In Street","78499");
INSERT INTO `manager_T` (`managerId`,`managerFirstName`,`managerLastName`,`managerPhone`,`managerEmail`,`managerStreetAddress`,`managerZipCode`) VALUES (96,"Ross","Soto","5713407622","metus@estvitaesodales.net","327-9915 Erat, Avenue","83291");
INSERT INTO `manager_T` (`managerId`,`managerFirstName`,`managerLastName`,`managerPhone`,`managerEmail`,`managerStreetAddress`,`managerZipCode`) VALUES (97,"Chester","Holmes","8899861406","vitae@lobortis.edu","P.O. Box 122, 3317 Libero Street","58522");
INSERT INTO `manager_T` (`managerId`,`managerFirstName`,`managerLastName`,`managerPhone`,`managerEmail`,`managerStreetAddress`,`managerZipCode`) VALUES (98,"Rhea","Singleton","9649975274","nulla.Integer.urna@Praesentluctus.edu","Ap #634-3033 Posuere Street","24105");
INSERT INTO `manager_T` (`managerId`,`managerFirstName`,`managerLastName`,`managerPhone`,`managerEmail`,`managerStreetAddress`,`managerZipCode`) VALUES (99,"Mallory","Parsons","7057452387","nibh.lacinia@telluseuaugue.net","6616 Congue Av.","43894");
INSERT INTO `manager_T` (`managerId`,`managerFirstName`,`managerLastName`,`managerPhone`,`managerEmail`,`managerStreetAddress`,`managerZipCode`) VALUES (100,"Luke","Carver","5521599671","Quisque.imperdiet.erat@Morbi.co.uk","2506 Sollicitudin Avenue","68498");

-- manager_T


-- shows_T
INSERT INTO `shows_T` (`showId`,`showName`,`showDescription`,`showOwner`,`showOwnerGender`,`showType`,`showTypeId`,`showStartDate`,`showEndDate`) VALUES (1,"Les Miserables","Integer urna. Vivamus molestie dapibus","Aidan Stark","F","Indoor",1,"2020-05-09","2021-05-08");
INSERT INTO `shows_T` (`showId`,`showName`,`showDescription`,`showOwner`,`showOwnerGender`,`showType`,`showTypeId`,`showStartDate`,`showEndDate`) VALUES (2,"Les Miserables","commodo at, libero. Morbi accumsan","Nora Gould","F","Indoor",1,"2020-04-04","2021-03-11");
INSERT INTO `shows_T` (`showId`,`showName`,`showDescription`,`showOwner`,`showOwnerGender`,`showType`,`showTypeId`,`showStartDate`,`showEndDate`) VALUES (3,"Matilda","nec orci. Donec nibh. Quisque","Quon Christensen","F","Indoor",1,"2020-01-16","2021-02-17");
INSERT INTO `shows_T` (`showId`,`showName`,`showDescription`,`showOwner`,`showOwnerGender`,`showType`,`showTypeId`,`showStartDate`,`showEndDate`) VALUES (4,"Matilda","Maecenas libero est, congue a,","Kirestin Kent","F","Indoor",1,"2020-03-04","2020-12-25");
INSERT INTO `shows_T` (`showId`,`showName`,`showDescription`,`showOwner`,`showOwnerGender`,`showType`,`showTypeId`,`showStartDate`,`showEndDate`) VALUES (5,"West Side Story","nonummy. Fusce fermentum fermentum arcu.","Timon House","F","Indoor",2,"2020-02-21","2021-02-27");
INSERT INTO `shows_T` (`showId`,`showName`,`showDescription`,`showOwner`,`showOwnerGender`,`showType`,`showTypeId`,`showStartDate`,`showEndDate`) VALUES (6,"West Side Story","sit amet ornare lectus justo","Mia Miller","F","Indoor",2,"2020-01-10","2020-09-09");
INSERT INTO `shows_T` (`showId`,`showName`,`showDescription`,`showOwner`,`showOwnerGender`,`showType`,`showTypeId`,`showStartDate`,`showEndDate`) VALUES (7,"Basketball Auction","egestas nunc sed libero. Proin","Palmer Glass","F","Indoor",2,"2020-04-01","2020-07-03");
INSERT INTO `shows_T` (`showId`,`showName`,`showDescription`,`showOwner`,`showOwnerGender`,`showType`,`showTypeId`,`showStartDate`,`showEndDate`) VALUES (8,"Basketball Auction","mi pede, nonummy ut, molestie","Aretha Weiss","F","Indoor",2,"2020-04-30","2020-02-26");
INSERT INTO `shows_T` (`showId`,`showName`,`showDescription`,`showOwner`,`showOwnerGender`,`showType`,`showTypeId`,`showStartDate`,`showEndDate`) VALUES (9,"Football League Inauguration","lacinia. Sed congue, elit sed","Sybil Hampton","F","Outdoor",2,"2020-02-18","2020-10-18");
INSERT INTO `shows_T` (`showId`,`showName`,`showDescription`,`showOwner`,`showOwnerGender`,`showType`,`showTypeId`,`showStartDate`,`showEndDate`) VALUES (10,"Football League Inauguration","aliquet odio. Etiam ligula tortor,","Perry Melendez","F","Outdoor",2,"2020-05-10","2020-12-05");
INSERT INTO `shows_T` (`showId`,`showName`,`showDescription`,`showOwner`,`showOwnerGender`,`showType`,`showTypeId`,`showStartDate`,`showEndDate`) VALUES (11,"Fame","ultrices. Duis volutpat nunc sit","Sonya Hull","F","Outdoor",2,"2020-03-06","2021-04-07");
INSERT INTO `shows_T` (`showId`,`showName`,`showDescription`,`showOwner`,`showOwnerGender`,`showType`,`showTypeId`,`showStartDate`,`showEndDate`) VALUES (12,"Fame","sollicitudin orci sem eget massa.","Kimberly Brady","F","Outdoor",1,"2020-04-07","2021-02-09");
INSERT INTO `shows_T` (`showId`,`showName`,`showDescription`,`showOwner`,`showOwnerGender`,`showType`,`showTypeId`,`showStartDate`,`showEndDate`) VALUES (13,"Burlesque ","metus sit amet ante. Vivamus","Bruce Jefferson","F","Outdoor",1,"2020-01-26","2020-01-11");
INSERT INTO `shows_T` (`showId`,`showName`,`showDescription`,`showOwner`,`showOwnerGender`,`showType`,`showTypeId`,`showStartDate`,`showEndDate`) VALUES (14,"Burlesque ","quam vel sapien imperdiet ornare.","Lionel Garrison","F","Outdoor",2,"2020-02-15","2020-01-22");
INSERT INTO `shows_T` (`showId`,`showName`,`showDescription`,`showOwner`,`showOwnerGender`,`showType`,`showTypeId`,`showStartDate`,`showEndDate`) VALUES (15,"Les Miserables","Nullam vitae diam. Proin dolor.","Phillip Gilmore","F","Indoor",1,"2020-01-21","2020-07-31");
INSERT INTO `shows_T` (`showId`,`showName`,`showDescription`,`showOwner`,`showOwnerGender`,`showType`,`showTypeId`,`showStartDate`,`showEndDate`) VALUES (16,"Les Miserables","posuere cubilia Curae; Donec tincidunt.","Jillian Fry","F","Indoor",2,"2020-02-19","2020-03-03");
INSERT INTO `shows_T` (`showId`,`showName`,`showDescription`,`showOwner`,`showOwnerGender`,`showType`,`showTypeId`,`showStartDate`,`showEndDate`) VALUES (17,"Matilda","libero. Donec consectetuer mauris id","Nerea Erickson","F","Indoor",1,"2020-01-12","2020-07-30");
INSERT INTO `shows_T` (`showId`,`showName`,`showDescription`,`showOwner`,`showOwnerGender`,`showType`,`showTypeId`,`showStartDate`,`showEndDate`) VALUES (18,"Matilda","elit, dictum eu, eleifend nec,","Connor Farrell","F","Indoor",2,"2020-03-29","2020-04-15");
INSERT INTO `shows_T` (`showId`,`showName`,`showDescription`,`showOwner`,`showOwnerGender`,`showType`,`showTypeId`,`showStartDate`,`showEndDate`) VALUES (19,"West Side Story","vehicula risus. Nulla eget metus","Hayes Mcpherson","F","Indoor",1,"2020-04-16","2021-04-22");
INSERT INTO `shows_T` (`showId`,`showName`,`showDescription`,`showOwner`,`showOwnerGender`,`showType`,`showTypeId`,`showStartDate`,`showEndDate`) VALUES (20,"West Side Story","turpis. Nulla aliquet. Proin velit.","Pamela Wise","F","Indoor",2,"2020-02-20","2020-02-22");
INSERT INTO `shows_T` (`showId`,`showName`,`showDescription`,`showOwner`,`showOwnerGender`,`showType`,`showTypeId`,`showStartDate`,`showEndDate`) VALUES (21,"Basketball Auction","feugiat. Lorem ipsum dolor sit","Dorian Ashley","F","Indoor",2,"2020-02-21","2020-03-25");
INSERT INTO `shows_T` (`showId`,`showName`,`showDescription`,`showOwner`,`showOwnerGender`,`showType`,`showTypeId`,`showStartDate`,`showEndDate`) VALUES (22,"Basketball Auction","diam. Pellentesque habitant morbi tristique","Jared Hewitt","F","Indoor",2,"2020-01-14","2020-12-30");
INSERT INTO `shows_T` (`showId`,`showName`,`showDescription`,`showOwner`,`showOwnerGender`,`showType`,`showTypeId`,`showStartDate`,`showEndDate`) VALUES (23,"Football League Inauguration","Fusce aliquet magna a neque.","Baxter Bates","F","Outdoor",2,"2020-05-04","2021-03-04");
INSERT INTO `shows_T` (`showId`,`showName`,`showDescription`,`showOwner`,`showOwnerGender`,`showType`,`showTypeId`,`showStartDate`,`showEndDate`) VALUES (24,"Football League Inauguration","ligula tortor, dictum eu, placerat","Evelyn Silva","F","Outdoor",2,"2020-04-30","2021-03-30");
INSERT INTO `shows_T` (`showId`,`showName`,`showDescription`,`showOwner`,`showOwnerGender`,`showType`,`showTypeId`,`showStartDate`,`showEndDate`) VALUES (25,"Fame","ornare sagittis felis. Donec tempor,","Portia Branch","F","Outdoor",2,"2020-04-13","2020-09-18");
INSERT INTO `shows_T` (`showId`,`showName`,`showDescription`,`showOwner`,`showOwnerGender`,`showType`,`showTypeId`,`showStartDate`,`showEndDate`) VALUES (26,"Fame","mauris ipsum porta elit, a","Colton Bentley","F","Outdoor",2,"2020-02-28","2021-01-30");
INSERT INTO `shows_T` (`showId`,`showName`,`showDescription`,`showOwner`,`showOwnerGender`,`showType`,`showTypeId`,`showStartDate`,`showEndDate`) VALUES (27,"Burlesque ","lacus. Nulla tincidunt, neque vitae","Hannah Dominguez","F","Outdoor",2,"2020-04-23","2020-03-26");
INSERT INTO `shows_T` (`showId`,`showName`,`showDescription`,`showOwner`,`showOwnerGender`,`showType`,`showTypeId`,`showStartDate`,`showEndDate`) VALUES (28,"Burlesque ","vitae risus. Duis a mi","Moses Yang","F","Outdoor",1,"2020-04-05","2020-08-01");
INSERT INTO `shows_T` (`showId`,`showName`,`showDescription`,`showOwner`,`showOwnerGender`,`showType`,`showTypeId`,`showStartDate`,`showEndDate`) VALUES (29,"Les Miserables","est. Nunc ullamcorper, velit in","Paloma Duke","F","Indoor",2,"2020-03-28","2020-06-23");
INSERT INTO `shows_T` (`showId`,`showName`,`showDescription`,`showOwner`,`showOwnerGender`,`showType`,`showTypeId`,`showStartDate`,`showEndDate`) VALUES (30,"Les Miserables","pede, ultrices a, auctor non,","Edan Farmer","F","Indoor",1,"2020-05-09","2020-04-03");
INSERT INTO `shows_T` (`showId`,`showName`,`showDescription`,`showOwner`,`showOwnerGender`,`showType`,`showTypeId`,`showStartDate`,`showEndDate`) VALUES (31,"Matilda","nisi nibh lacinia orci, consectetuer","Samuel Adkins","F","Indoor",1,"2020-03-09","2020-01-31");
INSERT INTO `shows_T` (`showId`,`showName`,`showDescription`,`showOwner`,`showOwnerGender`,`showType`,`showTypeId`,`showStartDate`,`showEndDate`) VALUES (32,"Matilda","Aenean eget magna. Suspendisse tristique","Kermit Ortiz","F","Indoor",1,"2020-01-11","2020-04-30");
INSERT INTO `shows_T` (`showId`,`showName`,`showDescription`,`showOwner`,`showOwnerGender`,`showType`,`showTypeId`,`showStartDate`,`showEndDate`) VALUES (33,"West Side Story","lobortis risus. In mi pede,","Zelda Bennett","F","Indoor",1,"2020-02-19","2020-01-12");
INSERT INTO `shows_T` (`showId`,`showName`,`showDescription`,`showOwner`,`showOwnerGender`,`showType`,`showTypeId`,`showStartDate`,`showEndDate`) VALUES (34,"West Side Story","cursus. Integer mollis. Integer tincidunt","Talon Thornton","F","Indoor",2,"2020-01-23","2020-06-30");
INSERT INTO `shows_T` (`showId`,`showName`,`showDescription`,`showOwner`,`showOwnerGender`,`showType`,`showTypeId`,`showStartDate`,`showEndDate`) VALUES (35,"Basketball Auction","a mi fringilla mi lacinia","Brenda Leon","F","Indoor",2,"2020-04-13","2020-11-20");
INSERT INTO `shows_T` (`showId`,`showName`,`showDescription`,`showOwner`,`showOwnerGender`,`showType`,`showTypeId`,`showStartDate`,`showEndDate`) VALUES (36,"Basketball Auction","pellentesque massa lobortis ultrices. Vivamus","Ulysses Weaver","F","Indoor",1,"2020-05-07","2020-08-01");
INSERT INTO `shows_T` (`showId`,`showName`,`showDescription`,`showOwner`,`showOwnerGender`,`showType`,`showTypeId`,`showStartDate`,`showEndDate`) VALUES (37,"Football League Inauguration","non, cursus non, egestas a,","Katell Prince","F","Outdoor",2,"2020-03-05","2020-06-14");
INSERT INTO `shows_T` (`showId`,`showName`,`showDescription`,`showOwner`,`showOwnerGender`,`showType`,`showTypeId`,`showStartDate`,`showEndDate`) VALUES (38,"Football League Inauguration","turpis egestas. Fusce aliquet magna","Jesse Bright","F","Outdoor",2,"2020-01-04","2021-03-09");
INSERT INTO `shows_T` (`showId`,`showName`,`showDescription`,`showOwner`,`showOwnerGender`,`showType`,`showTypeId`,`showStartDate`,`showEndDate`) VALUES (39,"Fame","luctus, ipsum leo elementum sem,","Tanner Dotson","F","Outdoor",1,"2020-04-30","2020-07-10");
INSERT INTO `shows_T` (`showId`,`showName`,`showDescription`,`showOwner`,`showOwnerGender`,`showType`,`showTypeId`,`showStartDate`,`showEndDate`) VALUES (40,"Fame","neque. In ornare sagittis felis.","Garrett Jefferson","F","Outdoor",2,"2020-03-27","2020-08-13");
INSERT INTO `shows_T` (`showId`,`showName`,`showDescription`,`showOwner`,`showOwnerGender`,`showType`,`showTypeId`,`showStartDate`,`showEndDate`) VALUES (41,"Burlesque ","consectetuer euismod est arcu ac","Aladdin Dyer","M","Outdoor",1,"2020-03-26","2020-11-24");
INSERT INTO `shows_T` (`showId`,`showName`,`showDescription`,`showOwner`,`showOwnerGender`,`showType`,`showTypeId`,`showStartDate`,`showEndDate`) VALUES (42,"Burlesque ","Fusce mollis. Duis sit amet","Theodore England","M","Outdoor",1,"2020-02-05","2021-04-13");
INSERT INTO `shows_T` (`showId`,`showName`,`showDescription`,`showOwner`,`showOwnerGender`,`showType`,`showTypeId`,`showStartDate`,`showEndDate`) VALUES (43,"Les Miserables","morbi tristique senectus et netus","Patricia Vincent","M","Indoor",1,"2020-02-19","2021-05-06");
INSERT INTO `shows_T` (`showId`,`showName`,`showDescription`,`showOwner`,`showOwnerGender`,`showType`,`showTypeId`,`showStartDate`,`showEndDate`) VALUES (44,"Les Miserables","augue, eu tempor erat neque","Clayton Galloway","M","Indoor",2,"2020-01-05","2020-06-22");
INSERT INTO `shows_T` (`showId`,`showName`,`showDescription`,`showOwner`,`showOwnerGender`,`showType`,`showTypeId`,`showStartDate`,`showEndDate`) VALUES (45,"Matilda","mauris blandit mattis. Cras eget","Kelsey Vance","M","Indoor",2,"2020-04-24","2020-02-24");
INSERT INTO `shows_T` (`showId`,`showName`,`showDescription`,`showOwner`,`showOwnerGender`,`showType`,`showTypeId`,`showStartDate`,`showEndDate`) VALUES (46,"Matilda","viverra. Maecenas iaculis aliquet diam.","Aurora Roy","M","Indoor",1,"2020-01-25","2020-08-03");
INSERT INTO `shows_T` (`showId`,`showName`,`showDescription`,`showOwner`,`showOwnerGender`,`showType`,`showTypeId`,`showStartDate`,`showEndDate`) VALUES (47,"West Side Story","at, libero. Morbi accumsan laoreet","Jasmine Robbins","M","Indoor",2,"2020-02-21","2021-04-15");
INSERT INTO `shows_T` (`showId`,`showName`,`showDescription`,`showOwner`,`showOwnerGender`,`showType`,`showTypeId`,`showStartDate`,`showEndDate`) VALUES (48,"West Side Story","parturient montes, nascetur ridiculus mus.","Charde Sims","M","Indoor",2,"2020-04-04","2020-11-11");
INSERT INTO `shows_T` (`showId`,`showName`,`showDescription`,`showOwner`,`showOwnerGender`,`showType`,`showTypeId`,`showStartDate`,`showEndDate`) VALUES (49,"Basketball Auction","interdum. Sed auctor odio a","Ingrid Prince","M","Indoor",1,"2020-05-06","2020-06-16");
INSERT INTO `shows_T` (`showId`,`showName`,`showDescription`,`showOwner`,`showOwnerGender`,`showType`,`showTypeId`,`showStartDate`,`showEndDate`) VALUES (50,"Basketball Auction","ut aliquam iaculis, lacus pede","Sage Collier","M","Indoor",2,"2020-03-23","2020-02-21");
INSERT INTO `shows_T` (`showId`,`showName`,`showDescription`,`showOwner`,`showOwnerGender`,`showType`,`showTypeId`,`showStartDate`,`showEndDate`) VALUES (51,"Football League Inauguration","a, arcu. Sed et libero.","Nigel Durham","M","Outdoor",1,"2020-03-15","2021-03-07");
INSERT INTO `shows_T` (`showId`,`showName`,`showDescription`,`showOwner`,`showOwnerGender`,`showType`,`showTypeId`,`showStartDate`,`showEndDate`) VALUES (52,"Football League Inauguration","quam, elementum at, egestas a,","Sebastian Cabrera","M","Outdoor",1,"2020-04-04","2020-06-19");
INSERT INTO `shows_T` (`showId`,`showName`,`showDescription`,`showOwner`,`showOwnerGender`,`showType`,`showTypeId`,`showStartDate`,`showEndDate`) VALUES (53,"Fame","Fusce mi lorem, vehicula et,","Geraldine Huber","M","Outdoor",1,"2020-04-21","2020-04-25");
INSERT INTO `shows_T` (`showId`,`showName`,`showDescription`,`showOwner`,`showOwnerGender`,`showType`,`showTypeId`,`showStartDate`,`showEndDate`) VALUES (54,"Fame","sagittis felis. Donec tempor, est","Jade Parrish","M","Outdoor",1,"2020-04-12","2021-02-13");
INSERT INTO `shows_T` (`showId`,`showName`,`showDescription`,`showOwner`,`showOwnerGender`,`showType`,`showTypeId`,`showStartDate`,`showEndDate`) VALUES (55,"Burlesque ","sagittis. Duis gravida. Praesent eu","Amir Giles","M","Outdoor",2,"2020-01-18","2021-01-14");
INSERT INTO `shows_T` (`showId`,`showName`,`showDescription`,`showOwner`,`showOwnerGender`,`showType`,`showTypeId`,`showStartDate`,`showEndDate`) VALUES (56,"Burlesque ","lobortis. Class aptent taciti sociosqu","Uriel Terry","M","Outdoor",1,"2020-03-05","2020-09-18");
INSERT INTO `shows_T` (`showId`,`showName`,`showDescription`,`showOwner`,`showOwnerGender`,`showType`,`showTypeId`,`showStartDate`,`showEndDate`) VALUES (57,"Les Miserables","amet ornare lectus justo eu","Aaron Roberts","M","Indoor",1,"2020-02-13","2020-11-06");
INSERT INTO `shows_T` (`showId`,`showName`,`showDescription`,`showOwner`,`showOwnerGender`,`showType`,`showTypeId`,`showStartDate`,`showEndDate`) VALUES (58,"Les Miserables","sagittis placerat. Cras dictum ultricies","Vernon Savage","M","Indoor",1,"2020-03-06","2021-01-08");
INSERT INTO `shows_T` (`showId`,`showName`,`showDescription`,`showOwner`,`showOwnerGender`,`showType`,`showTypeId`,`showStartDate`,`showEndDate`) VALUES (59,"Matilda","sapien, cursus in, hendrerit consectetuer,","Aimee Lopez","M","Indoor",1,"2020-01-23","2020-02-01");
INSERT INTO `shows_T` (`showId`,`showName`,`showDescription`,`showOwner`,`showOwnerGender`,`showType`,`showTypeId`,`showStartDate`,`showEndDate`) VALUES (60,"Matilda","amet risus. Donec egestas. Aliquam","Karyn Farley","M","Indoor",1,"2020-03-21","2020-08-22");
INSERT INTO `shows_T` (`showId`,`showName`,`showDescription`,`showOwner`,`showOwnerGender`,`showType`,`showTypeId`,`showStartDate`,`showEndDate`) VALUES (61,"West Side Story","at lacus. Quisque purus sapien,","Libby Foster","M","Indoor",1,"2020-05-06","2021-04-20");
INSERT INTO `shows_T` (`showId`,`showName`,`showDescription`,`showOwner`,`showOwnerGender`,`showType`,`showTypeId`,`showStartDate`,`showEndDate`) VALUES (62,"West Side Story","iaculis nec, eleifend non, dapibus","Shafira Carey","M","Indoor",1,"2020-04-12","2021-01-24");
INSERT INTO `shows_T` (`showId`,`showName`,`showDescription`,`showOwner`,`showOwnerGender`,`showType`,`showTypeId`,`showStartDate`,`showEndDate`) VALUES (63,"Basketball Auction","Mauris nulla. Integer urna. Vivamus","Taylor Ayers","M","Indoor",2,"2020-03-12","2020-11-30");
INSERT INTO `shows_T` (`showId`,`showName`,`showDescription`,`showOwner`,`showOwnerGender`,`showType`,`showTypeId`,`showStartDate`,`showEndDate`) VALUES (64,"Basketball Auction","mus. Donec dignissim magna a","Phoebe Bartlett","M","Indoor",1,"2020-04-22","2020-02-07");
INSERT INTO `shows_T` (`showId`,`showName`,`showDescription`,`showOwner`,`showOwnerGender`,`showType`,`showTypeId`,`showStartDate`,`showEndDate`) VALUES (65,"Football League Inauguration","tempor arcu. Vestibulum ut eros","Kyla Kemp","M","Outdoor",2,"2020-03-24","2020-07-09");
INSERT INTO `shows_T` (`showId`,`showName`,`showDescription`,`showOwner`,`showOwnerGender`,`showType`,`showTypeId`,`showStartDate`,`showEndDate`) VALUES (66,"Football League Inauguration","Curabitur egestas nunc sed libero.","Kane Horne","M","Outdoor",1,"2020-03-09","2020-06-18");
INSERT INTO `shows_T` (`showId`,`showName`,`showDescription`,`showOwner`,`showOwnerGender`,`showType`,`showTypeId`,`showStartDate`,`showEndDate`) VALUES (67,"Fame","placerat eget, venenatis a, magna.","Bethany Nicholson","M","Outdoor",1,"2020-02-02","2020-06-08");
INSERT INTO `shows_T` (`showId`,`showName`,`showDescription`,`showOwner`,`showOwnerGender`,`showType`,`showTypeId`,`showStartDate`,`showEndDate`) VALUES (68,"Fame","pede. Cras vulputate velit eu","Kiayada Montgomery","M","Outdoor",2,"2020-04-22","2020-04-28");
INSERT INTO `shows_T` (`showId`,`showName`,`showDescription`,`showOwner`,`showOwnerGender`,`showType`,`showTypeId`,`showStartDate`,`showEndDate`) VALUES (69,"Burlesque ","elit. Etiam laoreet, libero et","Cade Turner","M","Outdoor",2,"2020-03-14","2020-10-25");
INSERT INTO `shows_T` (`showId`,`showName`,`showDescription`,`showOwner`,`showOwnerGender`,`showType`,`showTypeId`,`showStartDate`,`showEndDate`) VALUES (70,"Burlesque ","ac orci. Ut semper pretium","Sage David","M","Outdoor",1,"2020-01-31","2020-10-02");
INSERT INTO `shows_T` (`showId`,`showName`,`showDescription`,`showOwner`,`showOwnerGender`,`showType`,`showTypeId`,`showStartDate`,`showEndDate`) VALUES (71,"Les Miserables","Cras lorem lorem, luctus ut,","Davis Hart","M","Indoor",1,"2020-03-12","2021-01-23");
INSERT INTO `shows_T` (`showId`,`showName`,`showDescription`,`showOwner`,`showOwnerGender`,`showType`,`showTypeId`,`showStartDate`,`showEndDate`) VALUES (72,"Les Miserables","Donec nibh. Quisque nonummy ipsum","Merrill Simon","M","Indoor",2,"2020-03-21","2021-01-15");
INSERT INTO `shows_T` (`showId`,`showName`,`showDescription`,`showOwner`,`showOwnerGender`,`showType`,`showTypeId`,`showStartDate`,`showEndDate`) VALUES (73,"Matilda","et, lacinia vitae, sodales at,","Tad Benjamin","M","Indoor",1,"2020-03-14","2020-02-27");
INSERT INTO `shows_T` (`showId`,`showName`,`showDescription`,`showOwner`,`showOwnerGender`,`showType`,`showTypeId`,`showStartDate`,`showEndDate`) VALUES (74,"Matilda","Phasellus ornare. Fusce mollis. Duis","Yasir Gillespie","M","Indoor",1,"2020-03-12","2020-02-09");
INSERT INTO `shows_T` (`showId`,`showName`,`showDescription`,`showOwner`,`showOwnerGender`,`showType`,`showTypeId`,`showStartDate`,`showEndDate`) VALUES (75,"West Side Story","aliquet magna a neque. Nullam","Brennan Bradshaw","M","Indoor",1,"2020-04-15","2020-09-18");
INSERT INTO `shows_T` (`showId`,`showName`,`showDescription`,`showOwner`,`showOwnerGender`,`showType`,`showTypeId`,`showStartDate`,`showEndDate`) VALUES (76,"West Side Story","semper et, lacinia vitae, sodales","Liberty Hartman","M","Indoor",2,"2020-01-05","2020-02-25");
INSERT INTO `shows_T` (`showId`,`showName`,`showDescription`,`showOwner`,`showOwnerGender`,`showType`,`showTypeId`,`showStartDate`,`showEndDate`) VALUES (77,"Basketball Auction","netus et malesuada fames ac","Keith Robles","M","Indoor",1,"2020-03-24","2020-02-20");
INSERT INTO `shows_T` (`showId`,`showName`,`showDescription`,`showOwner`,`showOwnerGender`,`showType`,`showTypeId`,`showStartDate`,`showEndDate`) VALUES (78,"Basketball Auction","netus et malesuada fames ac","Flynn Kline","M","Indoor",1,"2020-04-23","2020-03-19");
INSERT INTO `shows_T` (`showId`,`showName`,`showDescription`,`showOwner`,`showOwnerGender`,`showType`,`showTypeId`,`showStartDate`,`showEndDate`) VALUES (79,"Football League Inauguration","dolor. Donec fringilla. Donec feugiat","Vanna Kirby","M","Outdoor",2,"2020-01-16","2021-03-19");
INSERT INTO `shows_T` (`showId`,`showName`,`showDescription`,`showOwner`,`showOwnerGender`,`showType`,`showTypeId`,`showStartDate`,`showEndDate`) VALUES (80,"Football League Inauguration","a, malesuada id, erat. Etiam","Flavia Ferrell","M","Outdoor",2,"2020-04-08","2021-03-15");
INSERT INTO `shows_T` (`showId`,`showName`,`showDescription`,`showOwner`,`showOwnerGender`,`showType`,`showTypeId`,`showStartDate`,`showEndDate`) VALUES (81,"Fame","non leo. Vivamus nibh dolor,","Inga Raymond","O","Outdoor",2,"2020-05-09","2021-02-07");
INSERT INTO `shows_T` (`showId`,`showName`,`showDescription`,`showOwner`,`showOwnerGender`,`showType`,`showTypeId`,`showStartDate`,`showEndDate`) VALUES (82,"Fame","Phasellus in felis. Nulla tempor","Baxter Walter","O","Outdoor",2,"2020-01-10","2021-01-30");
INSERT INTO `shows_T` (`showId`,`showName`,`showDescription`,`showOwner`,`showOwnerGender`,`showType`,`showTypeId`,`showStartDate`,`showEndDate`) VALUES (83,"Burlesque ","amet massa. Quisque porttitor eros","Louis Mcfarland","O","Outdoor",1,"2020-04-16","2020-10-18");
INSERT INTO `shows_T` (`showId`,`showName`,`showDescription`,`showOwner`,`showOwnerGender`,`showType`,`showTypeId`,`showStartDate`,`showEndDate`) VALUES (84,"Burlesque ","Sed auctor odio a purus.","Burton Best","O","Outdoor",2,"2020-01-06","2020-12-03");
INSERT INTO `shows_T` (`showId`,`showName`,`showDescription`,`showOwner`,`showOwnerGender`,`showType`,`showTypeId`,`showStartDate`,`showEndDate`) VALUES (85,"Les Miserables","venenatis a, magna. Lorem ipsum","Felix Rowe","O","Indoor",1,"2020-03-03","2020-04-07");
INSERT INTO `shows_T` (`showId`,`showName`,`showDescription`,`showOwner`,`showOwnerGender`,`showType`,`showTypeId`,`showStartDate`,`showEndDate`) VALUES (86,"Les Miserables","metus. Vivamus euismod urna. Nullam","Thane Schmidt","O","Indoor",2,"2020-03-09","2021-03-11");
INSERT INTO `shows_T` (`showId`,`showName`,`showDescription`,`showOwner`,`showOwnerGender`,`showType`,`showTypeId`,`showStartDate`,`showEndDate`) VALUES (87,"Matilda","neque pellentesque massa lobortis ultrices.","Basil Leach","O","Indoor",1,"2020-04-19","2020-03-13");
INSERT INTO `shows_T` (`showId`,`showName`,`showDescription`,`showOwner`,`showOwnerGender`,`showType`,`showTypeId`,`showStartDate`,`showEndDate`) VALUES (88,"Matilda","euismod est arcu ac orci.","Hyacinth Schneider","O","Indoor",1,"2020-03-18","2020-07-14");
INSERT INTO `shows_T` (`showId`,`showName`,`showDescription`,`showOwner`,`showOwnerGender`,`showType`,`showTypeId`,`showStartDate`,`showEndDate`) VALUES (89,"West Side Story","id, ante. Nunc mauris sapien,","Lionel Robertson","O","Indoor",2,"2020-03-09","2021-04-16");
INSERT INTO `shows_T` (`showId`,`showName`,`showDescription`,`showOwner`,`showOwnerGender`,`showType`,`showTypeId`,`showStartDate`,`showEndDate`) VALUES (90,"West Side Story","dapibus gravida. Aliquam tincidunt, nunc","Tamekah Cantu","O","Indoor",1,"2020-04-06","2020-08-23");
INSERT INTO `shows_T` (`showId`,`showName`,`showDescription`,`showOwner`,`showOwnerGender`,`showType`,`showTypeId`,`showStartDate`,`showEndDate`) VALUES (91,"Basketball Auction","a neque. Nullam ut nisi","Melanie Todd","O","Indoor",2,"2020-02-05","2020-10-02");
INSERT INTO `shows_T` (`showId`,`showName`,`showDescription`,`showOwner`,`showOwnerGender`,`showType`,`showTypeId`,`showStartDate`,`showEndDate`) VALUES (92,"Basketball Auction","semper rutrum. Fusce dolor quam,","Leigh Scott","O","Indoor",1,"2020-04-13","2020-07-06");
INSERT INTO `shows_T` (`showId`,`showName`,`showDescription`,`showOwner`,`showOwnerGender`,`showType`,`showTypeId`,`showStartDate`,`showEndDate`) VALUES (93,"Football League Inauguration","blandit. Nam nulla magna, malesuada","Barclay Oneill","O","Outdoor",2,"2020-01-13","2020-09-13");
INSERT INTO `shows_T` (`showId`,`showName`,`showDescription`,`showOwner`,`showOwnerGender`,`showType`,`showTypeId`,`showStartDate`,`showEndDate`) VALUES (94,"Football League Inauguration","neque tellus, imperdiet non, vestibulum","Timothy Head","O","Outdoor",1,"2020-03-26","2020-09-27");
INSERT INTO `shows_T` (`showId`,`showName`,`showDescription`,`showOwner`,`showOwnerGender`,`showType`,`showTypeId`,`showStartDate`,`showEndDate`) VALUES (95,"Fame","ornare egestas ligula. Nullam feugiat","Madonna Decker","O","Outdoor",1,"2020-02-28","2020-08-14");
INSERT INTO `shows_T` (`showId`,`showName`,`showDescription`,`showOwner`,`showOwnerGender`,`showType`,`showTypeId`,`showStartDate`,`showEndDate`) VALUES (96,"Fame","Nullam vitae diam. Proin dolor.","Abdul Leon","O","Outdoor",2,"2020-03-26","2020-02-06");
INSERT INTO `shows_T` (`showId`,`showName`,`showDescription`,`showOwner`,`showOwnerGender`,`showType`,`showTypeId`,`showStartDate`,`showEndDate`) VALUES (97,"Burlesque ","Nullam feugiat placerat velit. Quisque","Destiny Daugherty","O","Outdoor",1,"2020-02-27","2020-10-17");
INSERT INTO `shows_T` (`showId`,`showName`,`showDescription`,`showOwner`,`showOwnerGender`,`showType`,`showTypeId`,`showStartDate`,`showEndDate`) VALUES (98,"Burlesque ","dolor. Quisque tincidunt pede ac","Macey Mckee","O","Outdoor",1,"2020-04-20","2020-02-25");
INSERT INTO `shows_T` (`showId`,`showName`,`showDescription`,`showOwner`,`showOwnerGender`,`showType`,`showTypeId`,`showStartDate`,`showEndDate`) VALUES (99,"Les Miserables","Ut semper pretium neque. Morbi","Slade Medina","O","Indoor",1,"2020-04-26","2020-08-10");
INSERT INTO `shows_T` (`showId`,`showName`,`showDescription`,`showOwner`,`showOwnerGender`,`showType`,`showTypeId`,`showStartDate`,`showEndDate`) VALUES (100,"Les Miserables","ac libero nec ligula consectetuer","Alvin Perez","O","Indoor",2,"2020-03-28","2020-07-04");

-- shows_T


-- theater_t
INSERT INTO `theater_T` (`theaterId`,`theaterName`,`theaterManagerId`,`theaterCapacity`,`theaterLevel`) VALUES (1,"A",3,54,"UPPER");
INSERT INTO `theater_T` (`theaterId`,`theaterName`,`theaterManagerId`,`theaterCapacity`,`theaterLevel`) VALUES (2,"B",2,84,"UPPER");
INSERT INTO `theater_T` (`theaterId`,`theaterName`,`theaterManagerId`,`theaterCapacity`,`theaterLevel`) VALUES (3,"C",2,91,"UPPER");
INSERT INTO `theater_T` (`theaterId`,`theaterName`,`theaterManagerId`,`theaterCapacity`,`theaterLevel`) VALUES (4,"D",1,70,"UPPER");
INSERT INTO `theater_T` (`theaterId`,`theaterName`,`theaterManagerId`,`theaterCapacity`,`theaterLevel`) VALUES (5,"E",1,19,"UPPER");
INSERT INTO `theater_T` (`theaterId`,`theaterName`,`theaterManagerId`,`theaterCapacity`,`theaterLevel`) VALUES (6,"F",3,1,"UPPER");
INSERT INTO `theater_T` (`theaterId`,`theaterName`,`theaterManagerId`,`theaterCapacity`,`theaterLevel`) VALUES (7,"G",5,68,"LOWER");
INSERT INTO `theater_T` (`theaterId`,`theaterName`,`theaterManagerId`,`theaterCapacity`,`theaterLevel`) VALUES (8,"H",5,71,"LOWER");
INSERT INTO `theater_T` (`theaterId`,`theaterName`,`theaterManagerId`,`theaterCapacity`,`theaterLevel`) VALUES (9,"I",1,36,"LOWER");
INSERT INTO `theater_T` (`theaterId`,`theaterName`,`theaterManagerId`,`theaterCapacity`,`theaterLevel`) VALUES (10,"J",5,40,"LOWER");
INSERT INTO `theater_T` (`theaterId`,`theaterName`,`theaterManagerId`,`theaterCapacity`,`theaterLevel`) VALUES (11,"K",4,21,"LOWER");



-- theater_t

-- show_schedule_T
INSERT INTO `show_schedule_T` (`showId`,`theaterId`,`showStartTime`,`showEndTime`) VALUES (1,3,"2020-05-18 16:05:18","2019-09-29 15:09:24");
INSERT INTO `show_schedule_T` (`showId`,`theaterId`,`showStartTime`,`showEndTime`) VALUES (2,7,"2020-12-30 20:12:57","2021-03-03 11:03:08");
INSERT INTO `show_schedule_T` (`showId`,`theaterId`,`showStartTime`,`showEndTime`) VALUES (3,4,"2019-09-08 23:09:26","2020-10-06 04:10:43");
INSERT INTO `show_schedule_T` (`showId`,`theaterId`,`showStartTime`,`showEndTime`) VALUES (4,1,"2019-05-20 17:05:17","2019-07-08 00:07:44");
INSERT INTO `show_schedule_T` (`showId`,`theaterId`,`showStartTime`,`showEndTime`) VALUES (5,5,"2020-06-25 06:06:30","2019-10-06 21:10:54");
INSERT INTO `show_schedule_T` (`showId`,`theaterId`,`showStartTime`,`showEndTime`) VALUES (6,4,"2020-04-04 22:04:21","2020-09-16 05:09:24");
INSERT INTO `show_schedule_T` (`showId`,`theaterId`,`showStartTime`,`showEndTime`) VALUES (7,1,"2020-11-21 17:11:01","2019-07-26 20:07:05");
INSERT INTO `show_schedule_T` (`showId`,`theaterId`,`showStartTime`,`showEndTime`) VALUES (8,2,"2020-01-11 15:01:35","2020-12-03 00:12:26");
INSERT INTO `show_schedule_T` (`showId`,`theaterId`,`showStartTime`,`showEndTime`) VALUES (9,4,"2019-08-12 08:08:56","2020-03-07 02:03:15");
INSERT INTO `show_schedule_T` (`showId`,`theaterId`,`showStartTime`,`showEndTime`) VALUES (10,4,"2020-09-17 16:09:38","2019-09-28 15:09:01");
INSERT INTO `show_schedule_T` (`showId`,`theaterId`,`showStartTime`,`showEndTime`) VALUES (11,6,"2019-12-24 05:12:22","2019-12-18 04:12:03");


-- show_schedule_T
-- customers_T
INSERT INTO `customers_T` (`customerId`,`customerFirstName`,`customerLastName`,`customerPhone`,`customerEmail`,`customerStreetAddress`,`customerZipCode`) VALUES (1,"Cora","Roberts","4231916234","ac@seddictumeleifend.edu","579-1264 Dolor. Road","39353");
INSERT INTO `customers_T` (`customerId`,`customerFirstName`,`customerLastName`,`customerPhone`,`customerEmail`,`customerStreetAddress`,`customerZipCode`) VALUES (2,"Gray","Terrell","4101453637","sodales.at.velit@Sedauctor.ca","8540 Tempus Road","36950");
INSERT INTO `customers_T` (`customerId`,`customerFirstName`,`customerLastName`,`customerPhone`,`customerEmail`,`customerStreetAddress`,`customerZipCode`) VALUES (3,"Bruce","Fry","5773395346","Praesent@magnaSed.co.uk","4366 Id, Rd.","63113");
INSERT INTO `customers_T` (`customerId`,`customerFirstName`,`customerLastName`,`customerPhone`,`customerEmail`,`customerStreetAddress`,`customerZipCode`) VALUES (4,"Aretha","Rodgers","3435462236","Cras@Integersem.ca","P.O. Box 209, 4636 Erat Street","90272");
INSERT INTO `customers_T` (`customerId`,`customerFirstName`,`customerLastName`,`customerPhone`,`customerEmail`,`customerStreetAddress`,`customerZipCode`) VALUES (5,"Abel","Love","4324728893","In.at@magna.com","448-7599 Lectus, Av.","58813");
INSERT INTO `customers_T` (`customerId`,`customerFirstName`,`customerLastName`,`customerPhone`,`customerEmail`,`customerStreetAddress`,`customerZipCode`) VALUES (6,"Chase","Kerr","8511246992","egestas@ultrices.co.uk","114-874 Orci Ave","93940");
INSERT INTO `customers_T` (`customerId`,`customerFirstName`,`customerLastName`,`customerPhone`,`customerEmail`,`customerStreetAddress`,`customerZipCode`) VALUES (7,"Driscoll","Berry","8006984851","mi@lobortisauguescelerisque.co.uk","Ap #277-9804 Odio. St.","21867");
INSERT INTO `customers_T` (`customerId`,`customerFirstName`,`customerLastName`,`customerPhone`,`customerEmail`,`customerStreetAddress`,`customerZipCode`) VALUES (8,"Darius","Maddox","4780750173","egestas.Duis.ac@ipsumacmi.edu","455-8450 Elit. Avenue","37074");
INSERT INTO `customers_T` (`customerId`,`customerFirstName`,`customerLastName`,`customerPhone`,`customerEmail`,`customerStreetAddress`,`customerZipCode`) VALUES (9,"Lydia","Kaufman","6258401227","mi.lacinia@amalesuada.org","911-7498 Donec Road","87432");
INSERT INTO `customers_T` (`customerId`,`customerFirstName`,`customerLastName`,`customerPhone`,`customerEmail`,`customerStreetAddress`,`customerZipCode`) VALUES (10,"Aphrodite","Jenkins","1978445278","tellus.Aenean@magnanecquam.co.uk","P.O. Box 117, 5620 Et, Rd.","65947");
INSERT INTO `customers_T` (`customerId`,`customerFirstName`,`customerLastName`,`customerPhone`,`customerEmail`,`customerStreetAddress`,`customerZipCode`) VALUES (11,"Norman","Cooper","8708318885","ullamcorper@famesac.co.uk","P.O. Box 853, 8180 Mus. Road","55016");
INSERT INTO `customers_T` (`customerId`,`customerFirstName`,`customerLastName`,`customerPhone`,`customerEmail`,`customerStreetAddress`,`customerZipCode`) VALUES (12,"Daniel","Peck","4561463489","placerat.eget.venenatis@incursuset.org","6623 Porttitor Rd.","76594");
INSERT INTO `customers_T` (`customerId`,`customerFirstName`,`customerLastName`,`customerPhone`,`customerEmail`,`customerStreetAddress`,`customerZipCode`) VALUES (13,"Althea","Norton","5574000743","Suspendisse.dui.Fusce@musProinvel.org","108-1621 Etiam Avenue","74001");
INSERT INTO `customers_T` (`customerId`,`customerFirstName`,`customerLastName`,`customerPhone`,`customerEmail`,`customerStreetAddress`,`customerZipCode`) VALUES (14,"Kay","Montoya","2289395709","malesuada.fames@necmollis.ca","P.O. Box 489, 2939 Elit. Road","40726");
INSERT INTO `customers_T` (`customerId`,`customerFirstName`,`customerLastName`,`customerPhone`,`customerEmail`,`customerStreetAddress`,`customerZipCode`) VALUES (15,"Kelly","Ramos","4922271562","Suspendisse.aliquet@faucibusorci.ca","Ap #313-9028 Mauris Street","13706");
INSERT INTO `customers_T` (`customerId`,`customerFirstName`,`customerLastName`,`customerPhone`,`customerEmail`,`customerStreetAddress`,`customerZipCode`) VALUES (16,"Kay","Trevino","0250994300","amet@placerat.org","622 Non Street","89577");
INSERT INTO `customers_T` (`customerId`,`customerFirstName`,`customerLastName`,`customerPhone`,`customerEmail`,`customerStreetAddress`,`customerZipCode`) VALUES (17,"Jermaine","Morales","6421055995","Sed.nulla@ipsumprimisin.co.uk","Ap #437-4162 Nibh Rd.","66457");
INSERT INTO `customers_T` (`customerId`,`customerFirstName`,`customerLastName`,`customerPhone`,`customerEmail`,`customerStreetAddress`,`customerZipCode`) VALUES (18,"Brody","Schwartz","0197451203","cursus@libero.ca","Ap #258-4551 Non St.","47660");
INSERT INTO `customers_T` (`customerId`,`customerFirstName`,`customerLastName`,`customerPhone`,`customerEmail`,`customerStreetAddress`,`customerZipCode`) VALUES (19,"Kaye","Pace","5584512194","risus@duiFuscediam.net","862-6178 Mauris Street","19312");
INSERT INTO `customers_T` (`customerId`,`customerFirstName`,`customerLastName`,`customerPhone`,`customerEmail`,`customerStreetAddress`,`customerZipCode`) VALUES (20,"MacKensie","Little","8851253557","tellus.justo@Loremipsum.co.uk","P.O. Box 519, 1920 Nullam Avenue","64876");
INSERT INTO `customers_T` (`customerId`,`customerFirstName`,`customerLastName`,`customerPhone`,`customerEmail`,`customerStreetAddress`,`customerZipCode`) VALUES (21,"May","Wall","2903713294","rutrum.lorem@ProinmiAliquam.com","3617 Lobortis St.","96993");
INSERT INTO `customers_T` (`customerId`,`customerFirstName`,`customerLastName`,`customerPhone`,`customerEmail`,`customerStreetAddress`,`customerZipCode`) VALUES (22,"Anika","Pennington","8514172547","mi.enim.condimentum@neceuismod.net","P.O. Box 284, 531 Tristique St.","58134");
INSERT INTO `customers_T` (`customerId`,`customerFirstName`,`customerLastName`,`customerPhone`,`customerEmail`,`customerStreetAddress`,`customerZipCode`) VALUES (23,"Len","Gross","4114877108","Mauris.blandit@loremlorem.ca","Ap #158-987 Ut St.","48541");
INSERT INTO `customers_T` (`customerId`,`customerFirstName`,`customerLastName`,`customerPhone`,`customerEmail`,`customerStreetAddress`,`customerZipCode`) VALUES (24,"Cain","Stokes","2260467644","Pellentesque.habitant@mollisInteger.edu","P.O. Box 459, 3436 Venenatis St.","16482");
INSERT INTO `customers_T` (`customerId`,`customerFirstName`,`customerLastName`,`customerPhone`,`customerEmail`,`customerStreetAddress`,`customerZipCode`) VALUES (25,"Veda","Sanford","4207312218","pede.et@ettristiquepellentesque.net","P.O. Box 840, 4096 Eu Street","73171");
INSERT INTO `customers_T` (`customerId`,`customerFirstName`,`customerLastName`,`customerPhone`,`customerEmail`,`customerStreetAddress`,`customerZipCode`) VALUES (26,"Nehru","Rocha","4104235558","libero.lacus@Fuscefermentumfermentum.ca","3973 Phasellus Rd.","22993");
INSERT INTO `customers_T` (`customerId`,`customerFirstName`,`customerLastName`,`customerPhone`,`customerEmail`,`customerStreetAddress`,`customerZipCode`) VALUES (27,"Chester","Dunlap","0531285014","est@elit.co.uk","P.O. Box 351, 4139 Aenean Ave","67636");
INSERT INTO `customers_T` (`customerId`,`customerFirstName`,`customerLastName`,`customerPhone`,`customerEmail`,`customerStreetAddress`,`customerZipCode`) VALUES (28,"Drew","Boyle","4391660601","nisi@vitaesodalesat.edu","Ap #267-8368 Dolor. Rd.","13189");
INSERT INTO `customers_T` (`customerId`,`customerFirstName`,`customerLastName`,`customerPhone`,`customerEmail`,`customerStreetAddress`,`customerZipCode`) VALUES (29,"Ciaran","Griffin","3235596347","vulputate@musAenean.ca","Ap #433-1515 Dignissim St.","75056");
INSERT INTO `customers_T` (`customerId`,`customerFirstName`,`customerLastName`,`customerPhone`,`customerEmail`,`customerStreetAddress`,`customerZipCode`) VALUES (30,"Gil","Moore","4608443779","enim.sit@aliquamiaculis.ca","525-749 Varius Av.","71930");
INSERT INTO `customers_T` (`customerId`,`customerFirstName`,`customerLastName`,`customerPhone`,`customerEmail`,`customerStreetAddress`,`customerZipCode`) VALUES (31,"Jarrod","Vincent","6558796860","sodales.at.velit@rhoncusDonec.org","929-2625 Integer Street","22402");
INSERT INTO `customers_T` (`customerId`,`customerFirstName`,`customerLastName`,`customerPhone`,`customerEmail`,`customerStreetAddress`,`customerZipCode`) VALUES (32,"Rhea","Houston","0110736220","tristique.senectus@libero.org","7676 Amet Ave","94998");
INSERT INTO `customers_T` (`customerId`,`customerFirstName`,`customerLastName`,`customerPhone`,`customerEmail`,`customerStreetAddress`,`customerZipCode`) VALUES (33,"Hannah","Hewitt","9943753727","lectus.Nullam.suscipit@duiFusce.org","411-6372 Convallis Av.","89978");
INSERT INTO `customers_T` (`customerId`,`customerFirstName`,`customerLastName`,`customerPhone`,`customerEmail`,`customerStreetAddress`,`customerZipCode`) VALUES (34,"Jessica","Mays","1545905140","Morbi@pharetraNam.edu","P.O. Box 873, 5082 Bibendum Road","61968");
INSERT INTO `customers_T` (`customerId`,`customerFirstName`,`customerLastName`,`customerPhone`,`customerEmail`,`customerStreetAddress`,`customerZipCode`) VALUES (35,"Tatum","Alston","8739078976","In@nislelementum.edu","766-7203 Sed Av.","10998");
INSERT INTO `customers_T` (`customerId`,`customerFirstName`,`customerLastName`,`customerPhone`,`customerEmail`,`customerStreetAddress`,`customerZipCode`) VALUES (36,"Troy","Kent","9356950108","In@egettincidunt.net","106-4025 Eros Rd.","97351");
INSERT INTO `customers_T` (`customerId`,`customerFirstName`,`customerLastName`,`customerPhone`,`customerEmail`,`customerStreetAddress`,`customerZipCode`) VALUES (37,"Raja","Johnson","5294835023","amet.diam@natoquepenatibus.com","211-3564 Adipiscing Rd.","65486");
INSERT INTO `customers_T` (`customerId`,`customerFirstName`,`customerLastName`,`customerPhone`,`customerEmail`,`customerStreetAddress`,`customerZipCode`) VALUES (38,"Dieter","Dejesus","4638011588","facilisis@massaMaurisvestibulum.co.uk","939-1923 Suspendisse Av.","90918");
INSERT INTO `customers_T` (`customerId`,`customerFirstName`,`customerLastName`,`customerPhone`,`customerEmail`,`customerStreetAddress`,`customerZipCode`) VALUES (39,"Jenna","Conrad","5768595987","elit@afacilisisnon.ca","139-4205 Ut St.","54858");
INSERT INTO `customers_T` (`customerId`,`customerFirstName`,`customerLastName`,`customerPhone`,`customerEmail`,`customerStreetAddress`,`customerZipCode`) VALUES (40,"Ferdinand","Stevenson","9187158319","Vestibulum@arcuSed.net","P.O. Box 133, 8280 Id St.","77528");
INSERT INTO `customers_T` (`customerId`,`customerFirstName`,`customerLastName`,`customerPhone`,`customerEmail`,`customerStreetAddress`,`customerZipCode`) VALUES (41,"Neil","Beach","5549715816","dolor.egestas.rhoncus@velvulputate.ca","Ap #705-5806 Nec Ave","37720");
INSERT INTO `customers_T` (`customerId`,`customerFirstName`,`customerLastName`,`customerPhone`,`customerEmail`,`customerStreetAddress`,`customerZipCode`) VALUES (42,"Ezra","Maldonado","6992418857","ante.ipsum.primis@aneque.com","2039 Et Av.","89744");
INSERT INTO `customers_T` (`customerId`,`customerFirstName`,`customerLastName`,`customerPhone`,`customerEmail`,`customerStreetAddress`,`customerZipCode`) VALUES (43,"Yasir","Bullock","3044081136","pede@euismodenim.com","218-8151 At St.","51552");
INSERT INTO `customers_T` (`customerId`,`customerFirstName`,`customerLastName`,`customerPhone`,`customerEmail`,`customerStreetAddress`,`customerZipCode`) VALUES (44,"Deborah","Justice","2565622988","tellus.justo.sit@tincidunt.ca","P.O. Box 638, 672 Eget Rd.","36353");
INSERT INTO `customers_T` (`customerId`,`customerFirstName`,`customerLastName`,`customerPhone`,`customerEmail`,`customerStreetAddress`,`customerZipCode`) VALUES (45,"Charlotte","Bowman","5806086266","Maecenas.libero@Proinsedturpis.net","P.O. Box 177, 6048 Sagittis Road","69108");
INSERT INTO `customers_T` (`customerId`,`customerFirstName`,`customerLastName`,`customerPhone`,`customerEmail`,`customerStreetAddress`,`customerZipCode`) VALUES (46,"Autumn","Russo","0192846487","Aliquam@nibhdolor.ca","213-3822 Nisl St.","58745");
INSERT INTO `customers_T` (`customerId`,`customerFirstName`,`customerLastName`,`customerPhone`,`customerEmail`,`customerStreetAddress`,`customerZipCode`) VALUES (47,"Dawn","Mercado","4183868800","volutpat.ornare@orci.org","P.O. Box 276, 7959 Felis Av.","48921");
INSERT INTO `customers_T` (`customerId`,`customerFirstName`,`customerLastName`,`customerPhone`,`customerEmail`,`customerStreetAddress`,`customerZipCode`) VALUES (48,"May","Downs","4051674778","Nunc@ipsumleoelementum.com","P.O. Box 850, 2152 Cum Road","37750");
INSERT INTO `customers_T` (`customerId`,`customerFirstName`,`customerLastName`,`customerPhone`,`customerEmail`,`customerStreetAddress`,`customerZipCode`) VALUES (49,"Chandler","Snow","2893997681","per.inceptos.hymenaeos@semutdolor.net","P.O. Box 688, 2472 Dis St.","64389");
INSERT INTO `customers_T` (`customerId`,`customerFirstName`,`customerLastName`,`customerPhone`,`customerEmail`,`customerStreetAddress`,`customerZipCode`) VALUES (50,"Addison","Bernard","3075448384","ultricies@nonummyipsum.org","8399 Feugiat. Ave","14179");
INSERT INTO `customers_T` (`customerId`,`customerFirstName`,`customerLastName`,`customerPhone`,`customerEmail`,`customerStreetAddress`,`customerZipCode`) VALUES (51,"Nicholas","Carroll","9891285379","non.ante@mollisneccursus.com","P.O. Box 597, 1364 Libero. St.","35032");
INSERT INTO `customers_T` (`customerId`,`customerFirstName`,`customerLastName`,`customerPhone`,`customerEmail`,`customerStreetAddress`,`customerZipCode`) VALUES (52,"Avram","Bryan","4916928879","a@in.ca","P.O. Box 609, 2305 Lectus. Ave","99723");
INSERT INTO `customers_T` (`customerId`,`customerFirstName`,`customerLastName`,`customerPhone`,`customerEmail`,`customerStreetAddress`,`customerZipCode`) VALUES (53,"Guinevere","Cruz","5504763499","faucibus@massalobortis.net","P.O. Box 366, 8808 Quam. Rd.","98909");
INSERT INTO `customers_T` (`customerId`,`customerFirstName`,`customerLastName`,`customerPhone`,`customerEmail`,`customerStreetAddress`,`customerZipCode`) VALUES (54,"Tanek","Carroll","0667089372","odio@elementumpurus.edu","P.O. Box 508, 2075 Aliquam St.","69179");
INSERT INTO `customers_T` (`customerId`,`customerFirstName`,`customerLastName`,`customerPhone`,`customerEmail`,`customerStreetAddress`,`customerZipCode`) VALUES (55,"Chloe","Riddle","3600017255","bibendum.Donec@et.ca","P.O. Box 258, 8450 Metus. Av.","92461");
INSERT INTO `customers_T` (`customerId`,`customerFirstName`,`customerLastName`,`customerPhone`,`customerEmail`,`customerStreetAddress`,`customerZipCode`) VALUES (56,"Larissa","England","8915410952","aliquet.nec@blanditmattisCras.com","P.O. Box 910, 2371 Ipsum St.","46733");
INSERT INTO `customers_T` (`customerId`,`customerFirstName`,`customerLastName`,`customerPhone`,`customerEmail`,`customerStreetAddress`,`customerZipCode`) VALUES (57,"Hunter","Fuller","7854089071","Aenean.egestas@velnislQuisque.org","3305 Euismod St.","78244");
INSERT INTO `customers_T` (`customerId`,`customerFirstName`,`customerLastName`,`customerPhone`,`customerEmail`,`customerStreetAddress`,`customerZipCode`) VALUES (58,"Nicole","Sosa","8123948994","nibh.Donec@elementum.ca","P.O. Box 710, 7326 Duis Road","93309");
INSERT INTO `customers_T` (`customerId`,`customerFirstName`,`customerLastName`,`customerPhone`,`customerEmail`,`customerStreetAddress`,`customerZipCode`) VALUES (59,"Cain","Bonner","7789551358","mollis.lectus.pede@Fusce.edu","4788 Lorem, Rd.","37160");
INSERT INTO `customers_T` (`customerId`,`customerFirstName`,`customerLastName`,`customerPhone`,`customerEmail`,`customerStreetAddress`,`customerZipCode`) VALUES (60,"Mara","Bass","6312543847","id.nunc@nuncInat.edu","728-2098 Orci, Rd.","88010");
INSERT INTO `customers_T` (`customerId`,`customerFirstName`,`customerLastName`,`customerPhone`,`customerEmail`,`customerStreetAddress`,`customerZipCode`) VALUES (61,"Kelly","Foley","0700619131","pharetra.ut.pharetra@Quisquefringilla.edu","Ap #510-4648 Et Av.","39114");
INSERT INTO `customers_T` (`customerId`,`customerFirstName`,`customerLastName`,`customerPhone`,`customerEmail`,`customerStreetAddress`,`customerZipCode`) VALUES (62,"Dominic","Price","3438855349","Donec@scelerisqueneque.edu","Ap #810-6258 Enim. Road","83418");
INSERT INTO `customers_T` (`customerId`,`customerFirstName`,`customerLastName`,`customerPhone`,`customerEmail`,`customerStreetAddress`,`customerZipCode`) VALUES (63,"Aladdin","Fitzpatrick","1165135394","ut@maurisInteger.ca","P.O. Box 302, 8011 A, Road","60378");
INSERT INTO `customers_T` (`customerId`,`customerFirstName`,`customerLastName`,`customerPhone`,`customerEmail`,`customerStreetAddress`,`customerZipCode`) VALUES (64,"Damian","Morin","0934184615","inceptos.hymenaeos.Mauris@quisaccumsanconvallis.co.uk","740-2862 Turpis Road","24253");
INSERT INTO `customers_T` (`customerId`,`customerFirstName`,`customerLastName`,`customerPhone`,`customerEmail`,`customerStreetAddress`,`customerZipCode`) VALUES (65,"Nigel","Lester","9722752097","fermentum@eueratsemper.ca","109-2078 Lectus, Rd.","46397");
INSERT INTO `customers_T` (`customerId`,`customerFirstName`,`customerLastName`,`customerPhone`,`customerEmail`,`customerStreetAddress`,`customerZipCode`) VALUES (66,"Cullen","Lewis","6389715328","nec.urna@Vestibulumante.co.uk","763-1689 Tellus. Rd.","45812");
INSERT INTO `customers_T` (`customerId`,`customerFirstName`,`customerLastName`,`customerPhone`,`customerEmail`,`customerStreetAddress`,`customerZipCode`) VALUES (67,"Quyn","Ramirez","6017523838","orci.lobortis@utdolordapibus.org","862-8110 In Ave","33167");
INSERT INTO `customers_T` (`customerId`,`customerFirstName`,`customerLastName`,`customerPhone`,`customerEmail`,`customerStreetAddress`,`customerZipCode`) VALUES (68,"Yoshi","Turner","3997480460","sem.consequat.nec@Cras.org","9233 Lacinia. Ave","31481");
INSERT INTO `customers_T` (`customerId`,`customerFirstName`,`customerLastName`,`customerPhone`,`customerEmail`,`customerStreetAddress`,`customerZipCode`) VALUES (69,"Victor","Shepherd","3362345997","in.consequat@Sedeueros.org","950-6301 Nulla. Road","40372");
INSERT INTO `customers_T` (`customerId`,`customerFirstName`,`customerLastName`,`customerPhone`,`customerEmail`,`customerStreetAddress`,`customerZipCode`) VALUES (70,"Alea","Dalton","9587642676","amet@ac.ca","P.O. Box 419, 6078 Vitae, St.","50973");
INSERT INTO `customers_T` (`customerId`,`customerFirstName`,`customerLastName`,`customerPhone`,`customerEmail`,`customerStreetAddress`,`customerZipCode`) VALUES (71,"Shafira","Dalton","0531693632","Phasellus@blandit.edu","P.O. Box 576, 7860 Felis Street","41599");
INSERT INTO `customers_T` (`customerId`,`customerFirstName`,`customerLastName`,`customerPhone`,`customerEmail`,`customerStreetAddress`,`customerZipCode`) VALUES (72,"Tyler","Monroe","9934052612","tortor.Nunc@sollicitudina.net","3342 Donec Ave","17185");
INSERT INTO `customers_T` (`customerId`,`customerFirstName`,`customerLastName`,`customerPhone`,`customerEmail`,`customerStreetAddress`,`customerZipCode`) VALUES (73,"Alika","Morse","3874106023","luctus@nonarcu.edu","Ap #847-6371 In Road","70101");
INSERT INTO `customers_T` (`customerId`,`customerFirstName`,`customerLastName`,`customerPhone`,`customerEmail`,`customerStreetAddress`,`customerZipCode`) VALUES (74,"Gemma","Pitts","6578616060","ornare@tellusSuspendissesed.edu","425-7877 Cursus Ave","84004");
INSERT INTO `customers_T` (`customerId`,`customerFirstName`,`customerLastName`,`customerPhone`,`customerEmail`,`customerStreetAddress`,`customerZipCode`) VALUES (75,"Kathleen","Mcmahon","4138133279","ultrices.a@Sedneque.org","Ap #810-8663 Vel Av.","75563");
INSERT INTO `customers_T` (`customerId`,`customerFirstName`,`customerLastName`,`customerPhone`,`customerEmail`,`customerStreetAddress`,`customerZipCode`) VALUES (76,"Galena","Carroll","2238349299","Nunc@ametnulla.edu","Ap #707-132 Vivamus Av.","25856");
INSERT INTO `customers_T` (`customerId`,`customerFirstName`,`customerLastName`,`customerPhone`,`customerEmail`,`customerStreetAddress`,`customerZipCode`) VALUES (77,"Summer","Cunningham","4047017660","est@Duis.edu","Ap #396-670 Malesuada Ave","66726");
INSERT INTO `customers_T` (`customerId`,`customerFirstName`,`customerLastName`,`customerPhone`,`customerEmail`,`customerStreetAddress`,`customerZipCode`) VALUES (78,"Camilla","Richardson","0693593741","arcu.Vestibulum.ante@urna.com","423-8309 Curae; St.","51594");
INSERT INTO `customers_T` (`customerId`,`customerFirstName`,`customerLastName`,`customerPhone`,`customerEmail`,`customerStreetAddress`,`customerZipCode`) VALUES (79,"Jaden","Price","8766926189","Nam@dictum.org","P.O. Box 960, 2289 Purus, Avenue","51287");
INSERT INTO `customers_T` (`customerId`,`customerFirstName`,`customerLastName`,`customerPhone`,`customerEmail`,`customerStreetAddress`,`customerZipCode`) VALUES (80,"Jakeem","Cote","6563024091","enim.gravida@Donecfeugiat.com","P.O. Box 631, 2909 Sem Rd.","79542");
INSERT INTO `customers_T` (`customerId`,`customerFirstName`,`customerLastName`,`customerPhone`,`customerEmail`,`customerStreetAddress`,`customerZipCode`) VALUES (81,"Zelda","Castillo","5573277504","odio.a.purus@Duisrisusodio.com","383-7789 Eu, Rd.","39043");
INSERT INTO `customers_T` (`customerId`,`customerFirstName`,`customerLastName`,`customerPhone`,`customerEmail`,`customerStreetAddress`,`customerZipCode`) VALUES (82,"Mark","Hudson","2289423368","id@enim.org","136-4260 Vulputate, Rd.","49986");
INSERT INTO `customers_T` (`customerId`,`customerFirstName`,`customerLastName`,`customerPhone`,`customerEmail`,`customerStreetAddress`,`customerZipCode`) VALUES (83,"Dieter","Beasley","4761404843","dictum@mattisvelitjusto.org","Ap #998-3983 Phasellus Street","36623");
INSERT INTO `customers_T` (`customerId`,`customerFirstName`,`customerLastName`,`customerPhone`,`customerEmail`,`customerStreetAddress`,`customerZipCode`) VALUES (84,"Armand","Swanson","2380986143","ligula.Nullam@accumsan.ca","940-4012 Nunc Road","17709");
INSERT INTO `customers_T` (`customerId`,`customerFirstName`,`customerLastName`,`customerPhone`,`customerEmail`,`customerStreetAddress`,`customerZipCode`) VALUES (85,"Mariam","Brock","0948743104","scelerisque.scelerisque.dui@Proinultrices.org","373-6717 Ac Street","62562");
INSERT INTO `customers_T` (`customerId`,`customerFirstName`,`customerLastName`,`customerPhone`,`customerEmail`,`customerStreetAddress`,`customerZipCode`) VALUES (86,"Fallon","Russo","4136776035","a.arcu@tempor.org","Ap #826-7406 Sem Ave","41396");
INSERT INTO `customers_T` (`customerId`,`customerFirstName`,`customerLastName`,`customerPhone`,`customerEmail`,`customerStreetAddress`,`customerZipCode`) VALUES (87,"Violet","Dennis","0019672778","Pellentesque@penatibuset.net","683-5198 Nec St.","65978");
INSERT INTO `customers_T` (`customerId`,`customerFirstName`,`customerLastName`,`customerPhone`,`customerEmail`,`customerStreetAddress`,`customerZipCode`) VALUES (88,"Colorado","Gutierrez","4755185702","massa.Vestibulum.accumsan@magna.ca","Ap #174-7452 Vulputate Rd.","21520");
INSERT INTO `customers_T` (`customerId`,`customerFirstName`,`customerLastName`,`customerPhone`,`customerEmail`,`customerStreetAddress`,`customerZipCode`) VALUES (89,"Harper","Dodson","7515678644","magna@MaurismagnaDuis.edu","6831 Donec Road","11657");
INSERT INTO `customers_T` (`customerId`,`customerFirstName`,`customerLastName`,`customerPhone`,`customerEmail`,`customerStreetAddress`,`customerZipCode`) VALUES (90,"Ivana","Malone","1850168358","mattis@quisurnaNunc.net","Ap #234-2886 Et Ave","48158");
INSERT INTO `customers_T` (`customerId`,`customerFirstName`,`customerLastName`,`customerPhone`,`customerEmail`,`customerStreetAddress`,`customerZipCode`) VALUES (91,"Isabelle","Dalton","7556742866","non.enim@imperdietdictum.edu","P.O. Box 361, 4718 Penatibus Avenue","16569");
INSERT INTO `customers_T` (`customerId`,`customerFirstName`,`customerLastName`,`customerPhone`,`customerEmail`,`customerStreetAddress`,`customerZipCode`) VALUES (92,"Buckminster","Alvarez","8821314627","lacus.pede.sagittis@tristiquesenectuset.co.uk","178-7356 Tellus Avenue","51215");
INSERT INTO `customers_T` (`customerId`,`customerFirstName`,`customerLastName`,`customerPhone`,`customerEmail`,`customerStreetAddress`,`customerZipCode`) VALUES (93,"Kane","Dorsey","1831081289","interdum.Curabitur@metus.edu","P.O. Box 207, 2913 Et, Av.","99289");
INSERT INTO `customers_T` (`customerId`,`customerFirstName`,`customerLastName`,`customerPhone`,`customerEmail`,`customerStreetAddress`,`customerZipCode`) VALUES (94,"Jarrod","Lyons","3214097504","auctor.vitae.aliquet@non.org","456-8891 Ac Avenue","23322");
INSERT INTO `customers_T` (`customerId`,`customerFirstName`,`customerLastName`,`customerPhone`,`customerEmail`,`customerStreetAddress`,`customerZipCode`) VALUES (95,"Theodore","Walton","0390586335","vulputate@acmetusvitae.com","1899 Pede. Street","12528");
INSERT INTO `customers_T` (`customerId`,`customerFirstName`,`customerLastName`,`customerPhone`,`customerEmail`,`customerStreetAddress`,`customerZipCode`) VALUES (96,"Victoria","Graham","1257039951","risus.odio.auctor@vulputatemauris.com","P.O. Box 615, 4078 Nec St.","85123");
INSERT INTO `customers_T` (`customerId`,`customerFirstName`,`customerLastName`,`customerPhone`,`customerEmail`,`customerStreetAddress`,`customerZipCode`) VALUES (97,"Tiger","Guthrie","9950907211","enim.nisl.elementum@libero.com","P.O. Box 288, 5761 In Road","15688");
INSERT INTO `customers_T` (`customerId`,`customerFirstName`,`customerLastName`,`customerPhone`,`customerEmail`,`customerStreetAddress`,`customerZipCode`) VALUES (98,"Elaine","Walter","1127836277","quis.tristique@Curabitur.edu","262-3576 Sapien. St.","96044");
INSERT INTO `customers_T` (`customerId`,`customerFirstName`,`customerLastName`,`customerPhone`,`customerEmail`,`customerStreetAddress`,`customerZipCode`) VALUES (99,"Jennifer","Hubbard","3165537380","ultricies.adipiscing@sed.net","Ap #987-9015 Lorem Av.","88507");
INSERT INTO `customers_T` (`customerId`,`customerFirstName`,`customerLastName`,`customerPhone`,`customerEmail`,`customerStreetAddress`,`customerZipCode`) VALUES (100,"Shelly","Swanson","4388082545","ultrices.posuere.cubilia@primis.co.uk","836-1216 Orci. Street","91351");

-- CUSTOMERS_T
-- seat_bookings_t

INSERT INTO `booking_T` (`showID`,`bookingId`,`CustomerId`) VALUES (1,1,31);
INSERT INTO `booking_T` (`showID`,`bookingId`,`CustomerId`) VALUES (2,2,66);
INSERT INTO `booking_T` (`showID`,`bookingId`,`CustomerId`) VALUES (3,3,26);
INSERT INTO `booking_T` (`showID`,`bookingId`,`CustomerId`) VALUES (4,4,62);
INSERT INTO `booking_T` (`showID`,`bookingId`,`CustomerId`) VALUES (5,5,1);
INSERT INTO `booking_T` (`showID`,`bookingId`,`CustomerId`) VALUES (6,6,37);
INSERT INTO `booking_T` (`showID`,`bookingId`,`CustomerId`) VALUES (7,7,95);
INSERT INTO `booking_T` (`showID`,`bookingId`,`CustomerId`) VALUES (8,8,40);
INSERT INTO `booking_T` (`showID`,`bookingId`,`CustomerId`) VALUES (9,9,12);
INSERT INTO `booking_T` (`showID`,`bookingId`,`CustomerId`) VALUES (10,10,82);
INSERT INTO `booking_T` (`showID`,`bookingId`,`CustomerId`) VALUES (11,11,60);
INSERT INTO `booking_T` (`showID`,`bookingId`,`CustomerId`) VALUES (12,12,66);
INSERT INTO `booking_T` (`showID`,`bookingId`,`CustomerId`) VALUES (13,13,43);
INSERT INTO `booking_T` (`showID`,`bookingId`,`CustomerId`) VALUES (14,14,62);
INSERT INTO `booking_T` (`showID`,`bookingId`,`CustomerId`) VALUES (15,15,67);
INSERT INTO `booking_T` (`showID`,`bookingId`,`CustomerId`) VALUES (16,16,13);
INSERT INTO `booking_T` (`showID`,`bookingId`,`CustomerId`) VALUES (17,17,77);
INSERT INTO `booking_T` (`showID`,`bookingId`,`CustomerId`) VALUES (18,18,1);
INSERT INTO `booking_T` (`showID`,`bookingId`,`CustomerId`) VALUES (19,19,67);
INSERT INTO `booking_T` (`showID`,`bookingId`,`CustomerId`) VALUES (20,20,90);
INSERT INTO `booking_T` (`showID`,`bookingId`,`CustomerId`) VALUES (21,21,82);
INSERT INTO `booking_T` (`showID`,`bookingId`,`CustomerId`) VALUES (22,22,26);
INSERT INTO `booking_T` (`showID`,`bookingId`,`CustomerId`) VALUES (23,23,50);
INSERT INTO `booking_T` (`showID`,`bookingId`,`CustomerId`) VALUES (24,24,12);
INSERT INTO `booking_T` (`showID`,`bookingId`,`CustomerId`) VALUES (25,25,60);
INSERT INTO `booking_T` (`showID`,`bookingId`,`CustomerId`) VALUES (26,26,57);
INSERT INTO `booking_T` (`showID`,`bookingId`,`CustomerId`) VALUES (27,27,89);
INSERT INTO `booking_T` (`showID`,`bookingId`,`CustomerId`) VALUES (28,28,76);
INSERT INTO `booking_T` (`showID`,`bookingId`,`CustomerId`) VALUES (29,29,22);
INSERT INTO `booking_T` (`showID`,`bookingId`,`CustomerId`) VALUES (30,30,62);
INSERT INTO `booking_T` (`showID`,`bookingId`,`CustomerId`) VALUES (31,31,65);
INSERT INTO `booking_T` (`showID`,`bookingId`,`CustomerId`) VALUES (32,32,37);
INSERT INTO `booking_T` (`showID`,`bookingId`,`CustomerId`) VALUES (33,33,45);
INSERT INTO `booking_T` (`showID`,`bookingId`,`CustomerId`) VALUES (34,34,46);
INSERT INTO `booking_T` (`showID`,`bookingId`,`CustomerId`) VALUES (35,35,16);
INSERT INTO `booking_T` (`showID`,`bookingId`,`CustomerId`) VALUES (36,36,62);
INSERT INTO `booking_T` (`showID`,`bookingId`,`CustomerId`) VALUES (37,37,72);
INSERT INTO `booking_T` (`showID`,`bookingId`,`CustomerId`) VALUES (38,38,20);
INSERT INTO `booking_T` (`showID`,`bookingId`,`CustomerId`) VALUES (39,39,89);
INSERT INTO `booking_T` (`showID`,`bookingId`,`CustomerId`) VALUES (40,40,35);
INSERT INTO `booking_T` (`showID`,`bookingId`,`CustomerId`) VALUES (41,41,25);
INSERT INTO `booking_T` (`showID`,`bookingId`,`CustomerId`) VALUES (42,42,33);
INSERT INTO `booking_T` (`showID`,`bookingId`,`CustomerId`) VALUES (43,43,54);
INSERT INTO `booking_T` (`showID`,`bookingId`,`CustomerId`) VALUES (44,44,37);
INSERT INTO `booking_T` (`showID`,`bookingId`,`CustomerId`) VALUES (45,45,14);
INSERT INTO `booking_T` (`showID`,`bookingId`,`CustomerId`) VALUES (46,46,62);
INSERT INTO `booking_T` (`showID`,`bookingId`,`CustomerId`) VALUES (47,47,19);
INSERT INTO `booking_T` (`showID`,`bookingId`,`CustomerId`) VALUES (48,48,93);
INSERT INTO `booking_T` (`showID`,`bookingId`,`CustomerId`) VALUES (49,49,6);
INSERT INTO `booking_T` (`showID`,`bookingId`,`CustomerId`) VALUES (50,50,28);
INSERT INTO `booking_T` (`showID`,`bookingId`,`CustomerId`) VALUES (51,51,72);
INSERT INTO `booking_T` (`showID`,`bookingId`,`CustomerId`) VALUES (52,52,73);
INSERT INTO `booking_T` (`showID`,`bookingId`,`CustomerId`) VALUES (53,53,99);
INSERT INTO `booking_T` (`showID`,`bookingId`,`CustomerId`) VALUES (54,54,68);
INSERT INTO `booking_T` (`showID`,`bookingId`,`CustomerId`) VALUES (55,55,50);
INSERT INTO `booking_T` (`showID`,`bookingId`,`CustomerId`) VALUES (56,56,28);
INSERT INTO `booking_T` (`showID`,`bookingId`,`CustomerId`) VALUES (57,57,70);
INSERT INTO `booking_T` (`showID`,`bookingId`,`CustomerId`) VALUES (58,58,8);
INSERT INTO `booking_T` (`showID`,`bookingId`,`CustomerId`) VALUES (59,59,99);
INSERT INTO `booking_T` (`showID`,`bookingId`,`CustomerId`) VALUES (60,60,46);
INSERT INTO `booking_T` (`showID`,`bookingId`,`CustomerId`) VALUES (61,61,68);
INSERT INTO `booking_T` (`showID`,`bookingId`,`CustomerId`) VALUES (62,62,96);
INSERT INTO `booking_T` (`showID`,`bookingId`,`CustomerId`) VALUES (63,63,31);
INSERT INTO `booking_T` (`showID`,`bookingId`,`CustomerId`) VALUES (64,64,38);
INSERT INTO `booking_T` (`showID`,`bookingId`,`CustomerId`) VALUES (65,65,44);
INSERT INTO `booking_T` (`showID`,`bookingId`,`CustomerId`) VALUES (66,66,43);
INSERT INTO `booking_T` (`showID`,`bookingId`,`CustomerId`) VALUES (67,67,80);
INSERT INTO `booking_T` (`showID`,`bookingId`,`CustomerId`) VALUES (68,68,50);
INSERT INTO `booking_T` (`showID`,`bookingId`,`CustomerId`) VALUES (69,69,5);
INSERT INTO `booking_T` (`showID`,`bookingId`,`CustomerId`) VALUES (70,70,99);
INSERT INTO `booking_T` (`showID`,`bookingId`,`CustomerId`) VALUES (71,71,46);
INSERT INTO `booking_T` (`showID`,`bookingId`,`CustomerId`) VALUES (72,72,56);
INSERT INTO `booking_T` (`showID`,`bookingId`,`CustomerId`) VALUES (73,73,67);
INSERT INTO `booking_T` (`showID`,`bookingId`,`CustomerId`) VALUES (74,74,6);
INSERT INTO `booking_T` (`showID`,`bookingId`,`CustomerId`) VALUES (75,75,27);
INSERT INTO `booking_T` (`showID`,`bookingId`,`CustomerId`) VALUES (76,76,3);
INSERT INTO `booking_T` (`showID`,`bookingId`,`CustomerId`) VALUES (77,77,56);
INSERT INTO `booking_T` (`showID`,`bookingId`,`CustomerId`) VALUES (78,78,83);
INSERT INTO `booking_T` (`showID`,`bookingId`,`CustomerId`) VALUES (79,79,14);
INSERT INTO `booking_T` (`showID`,`bookingId`,`CustomerId`) VALUES (80,80,67);
INSERT INTO `booking_T` (`showID`,`bookingId`,`CustomerId`) VALUES (81,81,61);
INSERT INTO `booking_T` (`showID`,`bookingId`,`CustomerId`) VALUES (82,82,55);
INSERT INTO `booking_T` (`showID`,`bookingId`,`CustomerId`) VALUES (83,83,51);
INSERT INTO `booking_T` (`showID`,`bookingId`,`CustomerId`) VALUES (84,84,59);
INSERT INTO `booking_T` (`showID`,`bookingId`,`CustomerId`) VALUES (85,85,41);
INSERT INTO `booking_T` (`showID`,`bookingId`,`CustomerId`) VALUES (86,86,62);
INSERT INTO `booking_T` (`showID`,`bookingId`,`CustomerId`) VALUES (87,87,54);
INSERT INTO `booking_T` (`showID`,`bookingId`,`CustomerId`) VALUES (88,88,86);
INSERT INTO `booking_T` (`showID`,`bookingId`,`CustomerId`) VALUES (89,89,69);
INSERT INTO `booking_T` (`showID`,`bookingId`,`CustomerId`) VALUES (90,90,88);
INSERT INTO `booking_T` (`showID`,`bookingId`,`CustomerId`) VALUES (91,91,6);
INSERT INTO `booking_T` (`showID`,`bookingId`,`CustomerId`) VALUES (92,92,68);
INSERT INTO `booking_T` (`showID`,`bookingId`,`CustomerId`) VALUES (93,93,73);
INSERT INTO `booking_T` (`showID`,`bookingId`,`CustomerId`) VALUES (94,94,29);
INSERT INTO `booking_T` (`showID`,`bookingId`,`CustomerId`) VALUES (95,95,41);
INSERT INTO `booking_T` (`showID`,`bookingId`,`CustomerId`) VALUES (96,96,54);
INSERT INTO `booking_T` (`showID`,`bookingId`,`CustomerId`) VALUES (97,97,64);
INSERT INTO `booking_T` (`showID`,`bookingId`,`CustomerId`) VALUES (98,98,86);
INSERT INTO `booking_T` (`showID`,`bookingId`,`CustomerId`) VALUES (99,99,60);
INSERT INTO `booking_T` (`showID`,`bookingId`,`CustomerId`) VALUES (100,100,58);

-- seat_bookings_t


-- seats_T

INSERT INTO `seats_T` (`id`,`theaterId`,`bookingId`,`seatNumber`,`rowNumber`) VALUES (1,6,98,14,"A");
INSERT INTO `seats_T` (`id`,`theaterId`,`bookingId`,`seatNumber`,`rowNumber`) VALUES (2,6,61,20,"A");
INSERT INTO `seats_T` (`id`,`theaterId`,`bookingId`,`seatNumber`,`rowNumber`) VALUES (3,3,10,10,"B");
INSERT INTO `seats_T` (`id`,`theaterId`,`bookingId`,`seatNumber`,`rowNumber`) VALUES (4,5,6,21,"B");
INSERT INTO `seats_T` (`id`,`theaterId`,`bookingId`,`seatNumber`,`rowNumber`) VALUES (5,5,40,12,"C");
INSERT INTO `seats_T` (`id`,`theaterId`,`bookingId`,`seatNumber`,`rowNumber`) VALUES (6,1,13,24,"C");
INSERT INTO `seats_T` (`id`,`theaterId`,`bookingId`,`seatNumber`,`rowNumber`) VALUES (7,2,38,18,"D");
INSERT INTO `seats_T` (`id`,`theaterId`,`bookingId`,`seatNumber`,`rowNumber`) VALUES (8,3,55,11,"D");
INSERT INTO `seats_T` (`id`,`theaterId`,`bookingId`,`seatNumber`,`rowNumber`) VALUES (9,5,36,13,"E");
INSERT INTO `seats_T` (`id`,`theaterId`,`bookingId`,`seatNumber`,`rowNumber`) VALUES (10,1,36,22,"E");
INSERT INTO `seats_T` (`id`,`theaterId`,`bookingId`,`seatNumber`,`rowNumber`) VALUES (11,11,69,25,"F");
INSERT INTO `seats_T` (`id`,`theaterId`,`bookingId`,`seatNumber`,`rowNumber`) VALUES (12,1,72,1,"F");
INSERT INTO `seats_T` (`id`,`theaterId`,`bookingId`,`seatNumber`,`rowNumber`) VALUES (13,9,50,23,"G");
INSERT INTO `seats_T` (`id`,`theaterId`,`bookingId`,`seatNumber`,`rowNumber`) VALUES (14,9,12,3,"G");
INSERT INTO `seats_T` (`id`,`theaterId`,`bookingId`,`seatNumber`,`rowNumber`) VALUES (15,8,13,2,"H");
INSERT INTO `seats_T` (`id`,`theaterId`,`bookingId`,`seatNumber`,`rowNumber`) VALUES (16,7,84,3,"H");
INSERT INTO `seats_T` (`id`,`theaterId`,`bookingId`,`seatNumber`,`rowNumber`) VALUES (17,4,41,11,"I");
INSERT INTO `seats_T` (`id`,`theaterId`,`bookingId`,`seatNumber`,`rowNumber`) VALUES (18,10,73,2,"I");
INSERT INTO `seats_T` (`id`,`theaterId`,`bookingId`,`seatNumber`,`rowNumber`) VALUES (19,1,74,6,"J");
INSERT INTO `seats_T` (`id`,`theaterId`,`bookingId`,`seatNumber`,`rowNumber`) VALUES (20,11,33,17,"J");
INSERT INTO `seats_T` (`id`,`theaterId`,`bookingId`,`seatNumber`,`rowNumber`) VALUES (21,9,46,17,"K");
INSERT INTO `seats_T` (`id`,`theaterId`,`bookingId`,`seatNumber`,`rowNumber`) VALUES (22,11,43,14,"K");
INSERT INTO `seats_T` (`id`,`theaterId`,`bookingId`,`seatNumber`,`rowNumber`) VALUES (23,9,92,14,"A");
INSERT INTO `seats_T` (`id`,`theaterId`,`bookingId`,`seatNumber`,`rowNumber`) VALUES (24,3,97,24,"A");
INSERT INTO `seats_T` (`id`,`theaterId`,`bookingId`,`seatNumber`,`rowNumber`) VALUES (25,6,59,3,"B");
INSERT INTO `seats_T` (`id`,`theaterId`,`bookingId`,`seatNumber`,`rowNumber`) VALUES (27,2,25,17,"C");
INSERT INTO `seats_T` (`id`,`theaterId`,`bookingId`,`seatNumber`,`rowNumber`) VALUES (28,10,92,8,"C");
INSERT INTO `seats_T` (`id`,`theaterId`,`bookingId`,`seatNumber`,`rowNumber`) VALUES (29,9,54,11,"D");
INSERT INTO `seats_T` (`id`,`theaterId`,`bookingId`,`seatNumber`,`rowNumber`) VALUES (30,9,71,14,"D");
INSERT INTO `seats_T` (`id`,`theaterId`,`bookingId`,`seatNumber`,`rowNumber`) VALUES (31,7,34,10,"E");
INSERT INTO `seats_T` (`id`,`theaterId`,`bookingId`,`seatNumber`,`rowNumber`) VALUES (32,9,19,25,"E");
INSERT INTO `seats_T` (`id`,`theaterId`,`bookingId`,`seatNumber`,`rowNumber`) VALUES (33,3,94,18,"F");
INSERT INTO `seats_T` (`id`,`theaterId`,`bookingId`,`seatNumber`,`rowNumber`) VALUES (34,9,85,19,"F");
INSERT INTO `seats_T` (`id`,`theaterId`,`bookingId`,`seatNumber`,`rowNumber`) VALUES (35,9,2,4,"G");
INSERT INTO `seats_T` (`id`,`theaterId`,`bookingId`,`seatNumber`,`rowNumber`) VALUES (36,5,62,12,"G");
INSERT INTO `seats_T` (`id`,`theaterId`,`bookingId`,`seatNumber`,`rowNumber`) VALUES (38,9,61,23,"H");
INSERT INTO `seats_T` (`id`,`theaterId`,`bookingId`,`seatNumber`,`rowNumber`) VALUES (39,10,57,6,"I");
INSERT INTO `seats_T` (`id`,`theaterId`,`bookingId`,`seatNumber`,`rowNumber`) VALUES (40,1,38,5,"I");
INSERT INTO `seats_T` (`id`,`theaterId`,`bookingId`,`seatNumber`,`rowNumber`) VALUES (41,2,93,9,"J");
INSERT INTO `seats_T` (`id`,`theaterId`,`bookingId`,`seatNumber`,`rowNumber`) VALUES (42,2,3,14,"J");
INSERT INTO `seats_T` (`id`,`theaterId`,`bookingId`,`seatNumber`,`rowNumber`) VALUES (43,3,58,3,"K");
INSERT INTO `seats_T` (`id`,`theaterId`,`bookingId`,`seatNumber`,`rowNumber`) VALUES (44,11,90,20,"K");
INSERT INTO `seats_T` (`id`,`theaterId`,`bookingId`,`seatNumber`,`rowNumber`) VALUES (45,3,72,10,"A");
INSERT INTO `seats_T` (`id`,`theaterId`,`bookingId`,`seatNumber`,`rowNumber`) VALUES (46,6,97,3,"A");
INSERT INTO `seats_T` (`id`,`theaterId`,`bookingId`,`seatNumber`,`rowNumber`) VALUES (47,3,74,4,"B");
INSERT INTO `seats_T` (`id`,`theaterId`,`bookingId`,`seatNumber`,`rowNumber`) VALUES (48,8,35,7,"B");
INSERT INTO `seats_T` (`id`,`theaterId`,`bookingId`,`seatNumber`,`rowNumber`) VALUES (49,6,35,3,"C");
INSERT INTO `seats_T` (`id`,`theaterId`,`bookingId`,`seatNumber`,`rowNumber`) VALUES (50,2,34,3,"C");
INSERT INTO `seats_T` (`id`,`theaterId`,`bookingId`,`seatNumber`,`rowNumber`) VALUES (51,1,96,5,"D");
INSERT INTO `seats_T` (`id`,`theaterId`,`bookingId`,`seatNumber`,`rowNumber`) VALUES (52,8,16,20,"D");
INSERT INTO `seats_T` (`id`,`theaterId`,`bookingId`,`seatNumber`,`rowNumber`) VALUES (53,5,10,2,"E");
INSERT INTO `seats_T` (`id`,`theaterId`,`bookingId`,`seatNumber`,`rowNumber`) VALUES (54,2,59,16,"E");
INSERT INTO `seats_T` (`id`,`theaterId`,`bookingId`,`seatNumber`,`rowNumber`) VALUES (55,8,28,21,"F");
INSERT INTO `seats_T` (`id`,`theaterId`,`bookingId`,`seatNumber`,`rowNumber`) VALUES (56,8,95,2,"F");
INSERT INTO `seats_T` (`id`,`theaterId`,`bookingId`,`seatNumber`,`rowNumber`) VALUES (57,4,31,5,"G");
INSERT INTO `seats_T` (`id`,`theaterId`,`bookingId`,`seatNumber`,`rowNumber`) VALUES (58,3,64,5,"G");
INSERT INTO `seats_T` (`id`,`theaterId`,`bookingId`,`seatNumber`,`rowNumber`) VALUES (59,3,55,10,"H");
INSERT INTO `seats_T` (`id`,`theaterId`,`bookingId`,`seatNumber`,`rowNumber`) VALUES (60,8,54,7,"H");
INSERT INTO `seats_T` (`id`,`theaterId`,`bookingId`,`seatNumber`,`rowNumber`) VALUES (61,6,35,1,"I");
INSERT INTO `seats_T` (`id`,`theaterId`,`bookingId`,`seatNumber`,`rowNumber`) VALUES (62,6,10,21,"I");
INSERT INTO `seats_T` (`id`,`theaterId`,`bookingId`,`seatNumber`,`rowNumber`) VALUES (63,5,47,5,"J");
INSERT INTO `seats_T` (`id`,`theaterId`,`bookingId`,`seatNumber`,`rowNumber`) VALUES (64,2,61,4,"J");
INSERT INTO `seats_T` (`id`,`theaterId`,`bookingId`,`seatNumber`,`rowNumber`) VALUES (65,10,16,8,"K");
INSERT INTO `seats_T` (`id`,`theaterId`,`bookingId`,`seatNumber`,`rowNumber`) VALUES (66,3,61,22,"K");
INSERT INTO `seats_T` (`id`,`theaterId`,`bookingId`,`seatNumber`,`rowNumber`) VALUES (67,5,3,6,"A");
INSERT INTO `seats_T` (`id`,`theaterId`,`bookingId`,`seatNumber`,`rowNumber`) VALUES (68,11,89,14,"A");
INSERT INTO `seats_T` (`id`,`theaterId`,`bookingId`,`seatNumber`,`rowNumber`) VALUES (69,11,13,15,"B");
INSERT INTO `seats_T` (`id`,`theaterId`,`bookingId`,`seatNumber`,`rowNumber`) VALUES (70,6,82,9,"B");
INSERT INTO `seats_T` (`id`,`theaterId`,`bookingId`,`seatNumber`,`rowNumber`) VALUES (71,6,7,15,"C");
INSERT INTO `seats_T` (`id`,`theaterId`,`bookingId`,`seatNumber`,`rowNumber`) VALUES (73,8,28,2,"D");
INSERT INTO `seats_T` (`id`,`theaterId`,`bookingId`,`seatNumber`,`rowNumber`) VALUES (74,10,5,19,"D");
INSERT INTO `seats_T` (`id`,`theaterId`,`bookingId`,`seatNumber`,`rowNumber`) VALUES (75,5,58,21,"E");
INSERT INTO `seats_T` (`id`,`theaterId`,`bookingId`,`seatNumber`,`rowNumber`) VALUES (76,3,85,3,"E");
INSERT INTO `seats_T` (`id`,`theaterId`,`bookingId`,`seatNumber`,`rowNumber`) VALUES (77,5,52,25,"F");
INSERT INTO `seats_T` (`id`,`theaterId`,`bookingId`,`seatNumber`,`rowNumber`) VALUES (78,3,88,25,"F");
INSERT INTO `seats_T` (`id`,`theaterId`,`bookingId`,`seatNumber`,`rowNumber`) VALUES (79,11,80,18,"G");
INSERT INTO `seats_T` (`id`,`theaterId`,`bookingId`,`seatNumber`,`rowNumber`) VALUES (80,4,24,9,"G");
INSERT INTO `seats_T` (`id`,`theaterId`,`bookingId`,`seatNumber`,`rowNumber`) VALUES (81,3,1,16,"H");
INSERT INTO `seats_T` (`id`,`theaterId`,`bookingId`,`seatNumber`,`rowNumber`) VALUES (82,4,47,8,"H");
INSERT INTO `seats_T` (`id`,`theaterId`,`bookingId`,`seatNumber`,`rowNumber`) VALUES (83,8,38,25,"I");
INSERT INTO `seats_T` (`id`,`theaterId`,`bookingId`,`seatNumber`,`rowNumber`) VALUES (84,4,3,13,"I");
INSERT INTO `seats_T` (`id`,`theaterId`,`bookingId`,`seatNumber`,`rowNumber`) VALUES (85,9,43,16,"J");
INSERT INTO `seats_T` (`id`,`theaterId`,`bookingId`,`seatNumber`,`rowNumber`) VALUES (86,3,56,8,"J");
INSERT INTO `seats_T` (`id`,`theaterId`,`bookingId`,`seatNumber`,`rowNumber`) VALUES (87,6,35,21,"K");
INSERT INTO `seats_T` (`id`,`theaterId`,`bookingId`,`seatNumber`,`rowNumber`) VALUES (88,4,25,10,"K");
INSERT INTO `seats_T` (`id`,`theaterId`,`bookingId`,`seatNumber`,`rowNumber`) VALUES (89,1,23,11,"A");
INSERT INTO `seats_T` (`id`,`theaterId`,`bookingId`,`seatNumber`,`rowNumber`) VALUES (90,11,35,23,"A");
INSERT INTO `seats_T` (`id`,`theaterId`,`bookingId`,`seatNumber`,`rowNumber`) VALUES (91,4,36,24,"B");
INSERT INTO `seats_T` (`id`,`theaterId`,`bookingId`,`seatNumber`,`rowNumber`) VALUES (92,7,81,10,"B");
INSERT INTO `seats_T` (`id`,`theaterId`,`bookingId`,`seatNumber`,`rowNumber`) VALUES (93,5,96,2,"C");
INSERT INTO `seats_T` (`id`,`theaterId`,`bookingId`,`seatNumber`,`rowNumber`) VALUES (94,10,13,16,"C");
INSERT INTO `seats_T` (`id`,`theaterId`,`bookingId`,`seatNumber`,`rowNumber`) VALUES (95,8,50,21,"D");
INSERT INTO `seats_T` (`id`,`theaterId`,`bookingId`,`seatNumber`,`rowNumber`) VALUES (96,10,83,13,"D");
INSERT INTO `seats_T` (`id`,`theaterId`,`bookingId`,`seatNumber`,`rowNumber`) VALUES (97,1,93,8,"E");
INSERT INTO `seats_T` (`id`,`theaterId`,`bookingId`,`seatNumber`,`rowNumber`) VALUES (98,8,68,18,"E");
INSERT INTO `seats_T` (`id`,`theaterId`,`bookingId`,`seatNumber`,`rowNumber`) VALUES (99,10,68,11,"F");
INSERT INTO `seats_T` (`id`,`theaterId`,`bookingId`,`seatNumber`,`rowNumber`) VALUES (100,4,4,8,"F");

-- seats_type_T

INSERT INTO `seats_type_T` (`id`,`seatsType`,`seatsPrice`) VALUES (2,"Front","05.55");
INSERT INTO `seats_type_T` (`id`,`seatsType`,`seatsPrice`) VALUES (1,"Front","48.03");
INSERT INTO `seats_type_T` (`id`,`seatsType`,`seatsPrice`) VALUES (2,"Front","81.95");
INSERT INTO `seats_type_T` (`id`,`seatsType`,`seatsPrice`) VALUES (1,"Front","32.40");
INSERT INTO `seats_type_T` (`id`,`seatsType`,`seatsPrice`) VALUES (2,"Front","15.52");
INSERT INTO `seats_type_T` (`id`,`seatsType`,`seatsPrice`) VALUES (1,"Front","40.40");
INSERT INTO `seats_type_T` (`id`,`seatsType`,`seatsPrice`) VALUES (1,"Front","51.99");
INSERT INTO `seats_type_T` (`id`,`seatsType`,`seatsPrice`) VALUES (1,"Front","81.20");
INSERT INTO `seats_type_T` (`id`,`seatsType`,`seatsPrice`) VALUES (3,"Front","57.08");
INSERT INTO `seats_type_T` (`id`,`seatsType`,`seatsPrice`) VALUES (3,"Front","56.36");
INSERT INTO `seats_type_T` (`id`,`seatsType`,`seatsPrice`) VALUES (3,"Middle","88.77");
INSERT INTO `seats_type_T` (`id`,`seatsType`,`seatsPrice`) VALUES (1,"Middle","64.39");
INSERT INTO `seats_type_T` (`id`,`seatsType`,`seatsPrice`) VALUES (3,"Middle","44.44");
INSERT INTO `seats_type_T` (`id`,`seatsType`,`seatsPrice`) VALUES (3,"Middle","66.39");
INSERT INTO `seats_type_T` (`id`,`seatsType`,`seatsPrice`) VALUES (1,"Middle","91.25");
INSERT INTO `seats_type_T` (`id`,`seatsType`,`seatsPrice`) VALUES (2,"Middle","05.23");
INSERT INTO `seats_type_T` (`id`,`seatsType`,`seatsPrice`) VALUES (2,"Middle","94.94");
INSERT INTO `seats_type_T` (`id`,`seatsType`,`seatsPrice`) VALUES (3,"Middle","56.22");
INSERT INTO `seats_type_T` (`id`,`seatsType`,`seatsPrice`) VALUES (3,"Middle","90.85");
INSERT INTO `seats_type_T` (`id`,`seatsType`,`seatsPrice`) VALUES (3,"Middle","74.97");
INSERT INTO `seats_type_T` (`id`,`seatsType`,`seatsPrice`) VALUES (2,"Back","53.07");
INSERT INTO `seats_type_T` (`id`,`seatsType`,`seatsPrice`) VALUES (1,"Back","93.22");
INSERT INTO `seats_type_T` (`id`,`seatsType`,`seatsPrice`) VALUES (3,"Back","64.77");
INSERT INTO `seats_type_T` (`id`,`seatsType`,`seatsPrice`) VALUES (2,"Back","83.75");
INSERT INTO `seats_type_T` (`id`,`seatsType`,`seatsPrice`) VALUES (1,"Back","57.76");
INSERT INTO `seats_type_T` (`id`,`seatsType`,`seatsPrice`) VALUES (1,"Back","07.88");
INSERT INTO `seats_type_T` (`id`,`seatsType`,`seatsPrice`) VALUES (3,"Back","64.62");
INSERT INTO `seats_type_T` (`id`,`seatsType`,`seatsPrice`) VALUES (3,"Back","97.97");
INSERT INTO `seats_type_T` (`id`,`seatsType`,`seatsPrice`) VALUES (1,"Back","49.49");
INSERT INTO `seats_type_T` (`id`,`seatsType`,`seatsPrice`) VALUES (3,"Back","65.48");
INSERT INTO `seats_type_T` (`id`,`seatsType`,`seatsPrice`) VALUES (3,"Front","09.45");
INSERT INTO `seats_type_T` (`id`,`seatsType`,`seatsPrice`) VALUES (3,"Front","51.02");
INSERT INTO `seats_type_T` (`id`,`seatsType`,`seatsPrice`) VALUES (3,"Front","09.26");
INSERT INTO `seats_type_T` (`id`,`seatsType`,`seatsPrice`) VALUES (1,"Front","75.13");
INSERT INTO `seats_type_T` (`id`,`seatsType`,`seatsPrice`) VALUES (3,"Front","64.21");
INSERT INTO `seats_type_T` (`id`,`seatsType`,`seatsPrice`) VALUES (3,"Front","11.03");
INSERT INTO `seats_type_T` (`id`,`seatsType`,`seatsPrice`) VALUES (2,"Front","52.33");
INSERT INTO `seats_type_T` (`id`,`seatsType`,`seatsPrice`) VALUES (1,"Front","04.52");
INSERT INTO `seats_type_T` (`id`,`seatsType`,`seatsPrice`) VALUES (1,"Front","70.42");
INSERT INTO `seats_type_T` (`id`,`seatsType`,`seatsPrice`) VALUES (2,"Front","42.08");
INSERT INTO `seats_type_T` (`id`,`seatsType`,`seatsPrice`) VALUES (1,"Middle","96.31");
INSERT INTO `seats_type_T` (`id`,`seatsType`,`seatsPrice`) VALUES (1,"Middle","72.39");
INSERT INTO `seats_type_T` (`id`,`seatsType`,`seatsPrice`) VALUES (2,"Middle","24.46");
INSERT INTO `seats_type_T` (`id`,`seatsType`,`seatsPrice`) VALUES (3,"Middle","83.62");
INSERT INTO `seats_type_T` (`id`,`seatsType`,`seatsPrice`) VALUES (3,"Middle","45.12");
INSERT INTO `seats_type_T` (`id`,`seatsType`,`seatsPrice`) VALUES (1,"Middle","52.62");
INSERT INTO `seats_type_T` (`id`,`seatsType`,`seatsPrice`) VALUES (2,"Middle","31.93");
INSERT INTO `seats_type_T` (`id`,`seatsType`,`seatsPrice`) VALUES (1,"Middle","37.09");
INSERT INTO `seats_type_T` (`id`,`seatsType`,`seatsPrice`) VALUES (1,"Middle","46.30");
INSERT INTO `seats_type_T` (`id`,`seatsType`,`seatsPrice`) VALUES (1,"Middle","28.72");
INSERT INTO `seats_type_T` (`id`,`seatsType`,`seatsPrice`) VALUES (1,"Back","48.57");
INSERT INTO `seats_type_T` (`id`,`seatsType`,`seatsPrice`) VALUES (1,"Back","86.84");
INSERT INTO `seats_type_T` (`id`,`seatsType`,`seatsPrice`) VALUES (2,"Back","14.36");
INSERT INTO `seats_type_T` (`id`,`seatsType`,`seatsPrice`) VALUES (1,"Back","07.26");
INSERT INTO `seats_type_T` (`id`,`seatsType`,`seatsPrice`) VALUES (3,"Back","31.41");
INSERT INTO `seats_type_T` (`id`,`seatsType`,`seatsPrice`) VALUES (2,"Back","02.34");
INSERT INTO `seats_type_T` (`id`,`seatsType`,`seatsPrice`) VALUES (1,"Back","68.88");
INSERT INTO `seats_type_T` (`id`,`seatsType`,`seatsPrice`) VALUES (1,"Back","51.54");
INSERT INTO `seats_type_T` (`id`,`seatsType`,`seatsPrice`) VALUES (3,"Back","76.89");
INSERT INTO `seats_type_T` (`id`,`seatsType`,`seatsPrice`) VALUES (1,"Back","70.16");
INSERT INTO `seats_type_T` (`id`,`seatsType`,`seatsPrice`) VALUES (1,"Front","63.99");
INSERT INTO `seats_type_T` (`id`,`seatsType`,`seatsPrice`) VALUES (1,"Front","66.50");
INSERT INTO `seats_type_T` (`id`,`seatsType`,`seatsPrice`) VALUES (2,"Front","28.58");
INSERT INTO `seats_type_T` (`id`,`seatsType`,`seatsPrice`) VALUES (2,"Front","53.80");
INSERT INTO `seats_type_T` (`id`,`seatsType`,`seatsPrice`) VALUES (1,"Front","04.75");
INSERT INTO `seats_type_T` (`id`,`seatsType`,`seatsPrice`) VALUES (3,"Front","37.19");
INSERT INTO `seats_type_T` (`id`,`seatsType`,`seatsPrice`) VALUES (1,"Front","44.04");
INSERT INTO `seats_type_T` (`id`,`seatsType`,`seatsPrice`) VALUES (1,"Front","24.63");
INSERT INTO `seats_type_T` (`id`,`seatsType`,`seatsPrice`) VALUES (1,"Front","84.14");
INSERT INTO `seats_type_T` (`id`,`seatsType`,`seatsPrice`) VALUES (1,"Front","63.39");
INSERT INTO `seats_type_T` (`id`,`seatsType`,`seatsPrice`) VALUES (1,"Middle","07.43");
INSERT INTO `seats_type_T` (`id`,`seatsType`,`seatsPrice`) VALUES (2,"Middle","91.05");
INSERT INTO `seats_type_T` (`id`,`seatsType`,`seatsPrice`) VALUES (2,"Middle","63.37");
INSERT INTO `seats_type_T` (`id`,`seatsType`,`seatsPrice`) VALUES (2,"Middle","90.03");
INSERT INTO `seats_type_T` (`id`,`seatsType`,`seatsPrice`) VALUES (1,"Middle","44.09");
INSERT INTO `seats_type_T` (`id`,`seatsType`,`seatsPrice`) VALUES (3,"Middle","01.03");
INSERT INTO `seats_type_T` (`id`,`seatsType`,`seatsPrice`) VALUES (2,"Middle","89.46");
INSERT INTO `seats_type_T` (`id`,`seatsType`,`seatsPrice`) VALUES (3,"Middle","23.91");
INSERT INTO `seats_type_T` (`id`,`seatsType`,`seatsPrice`) VALUES (1,"Middle","77.22");
INSERT INTO `seats_type_T` (`id`,`seatsType`,`seatsPrice`) VALUES (1,"Middle","62.47");
INSERT INTO `seats_type_T` (`id`,`seatsType`,`seatsPrice`) VALUES (3,"Back","42.01");
INSERT INTO `seats_type_T` (`id`,`seatsType`,`seatsPrice`) VALUES (2,"Back","61.14");
INSERT INTO `seats_type_T` (`id`,`seatsType`,`seatsPrice`) VALUES (1,"Back","64.09");
INSERT INTO `seats_type_T` (`id`,`seatsType`,`seatsPrice`) VALUES (1,"Back","48.99");
INSERT INTO `seats_type_T` (`id`,`seatsType`,`seatsPrice`) VALUES (1,"Back","68.66");
INSERT INTO `seats_type_T` (`id`,`seatsType`,`seatsPrice`) VALUES (3,"Back","18.21");
INSERT INTO `seats_type_T` (`id`,`seatsType`,`seatsPrice`) VALUES (2,"Back","53.76");
INSERT INTO `seats_type_T` (`id`,`seatsType`,`seatsPrice`) VALUES (1,"Back","19.19");
INSERT INTO `seats_type_T` (`id`,`seatsType`,`seatsPrice`) VALUES (3,"Back","41.26");
INSERT INTO `seats_type_T` (`id`,`seatsType`,`seatsPrice`) VALUES (3,"Back","67.90");
INSERT INTO `seats_type_T` (`id`,`seatsType`,`seatsPrice`) VALUES (1,"Front","41.48");
INSERT INTO `seats_type_T` (`id`,`seatsType`,`seatsPrice`) VALUES (3,"Front","23.69");
INSERT INTO `seats_type_T` (`id`,`seatsType`,`seatsPrice`) VALUES (2,"Front","75.29");
INSERT INTO `seats_type_T` (`id`,`seatsType`,`seatsPrice`) VALUES (1,"Front","27.88");
INSERT INTO `seats_type_T` (`id`,`seatsType`,`seatsPrice`) VALUES (2,"Front","56.89");
INSERT INTO `seats_type_T` (`id`,`seatsType`,`seatsPrice`) VALUES (3,"Front","40.40");
INSERT INTO `seats_type_T` (`id`,`seatsType`,`seatsPrice`) VALUES (3,"Front","70.75");
INSERT INTO `seats_type_T` (`id`,`seatsType`,`seatsPrice`) VALUES (3,"Front","38.85");
INSERT INTO `seats_type_T` (`id`,`seatsType`,`seatsPrice`) VALUES (3,"Front","03.06");
INSERT INTO `seats_type_T` (`id`,`seatsType`,`seatsPrice`) VALUES (3,"Front","68.93");


-- tickets_T

INSERT INTO `tickets_T` (`ticketId`,`bookingId`,`CustomerdId`,`BookingStatus`,`BookingTime`) VALUES (1,81,67,"1","2020-04-04 07:04:26");
INSERT INTO `tickets_T` (`ticketId`,`bookingId`,`CustomerdId`,`BookingStatus`,`BookingTime`) VALUES (2,56,41,"0","2020-01-03 23:01:37");
INSERT INTO `tickets_T` (`ticketId`,`bookingId`,`CustomerdId`,`BookingStatus`,`BookingTime`) VALUES (3,39,49,"0","2020-01-15 07:01:05");
INSERT INTO `tickets_T` (`ticketId`,`bookingId`,`CustomerdId`,`BookingStatus`,`BookingTime`) VALUES (4,14,40,"0","2019-07-26 13:07:04");
INSERT INTO `tickets_T` (`ticketId`,`bookingId`,`CustomerdId`,`BookingStatus`,`BookingTime`) VALUES (5,44,2,"0","2019-08-31 10:08:08");
INSERT INTO `tickets_T` (`ticketId`,`bookingId`,`CustomerdId`,`BookingStatus`,`BookingTime`) VALUES (6,59,76,"1","2019-10-26 09:10:17");
INSERT INTO `tickets_T` (`ticketId`,`bookingId`,`CustomerdId`,`BookingStatus`,`BookingTime`) VALUES (7,18,2,"0","2020-03-17 03:03:34");
INSERT INTO `tickets_T` (`ticketId`,`bookingId`,`CustomerdId`,`BookingStatus`,`BookingTime`) VALUES (8,49,56,"1","2019-06-14 19:06:53");
INSERT INTO `tickets_T` (`ticketId`,`bookingId`,`CustomerdId`,`BookingStatus`,`BookingTime`) VALUES (9,40,19,"1","2020-01-16 22:01:54");
INSERT INTO `tickets_T` (`ticketId`,`bookingId`,`CustomerdId`,`BookingStatus`,`BookingTime`) VALUES (10,41,86,"0","2020-05-05 13:05:36");
INSERT INTO `tickets_T` (`ticketId`,`bookingId`,`CustomerdId`,`BookingStatus`,`BookingTime`) VALUES (11,9,79,"0","2019-09-28 11:09:17");
INSERT INTO `tickets_T` (`ticketId`,`bookingId`,`CustomerdId`,`BookingStatus`,`BookingTime`) VALUES (12,98,33,"1","2019-06-14 21:06:26");
INSERT INTO `tickets_T` (`ticketId`,`bookingId`,`CustomerdId`,`BookingStatus`,`BookingTime`) VALUES (13,12,77,"1","2019-11-30 18:11:45");
INSERT INTO `tickets_T` (`ticketId`,`bookingId`,`CustomerdId`,`BookingStatus`,`BookingTime`) VALUES (14,50,70,"0","2019-10-29 05:10:24");
INSERT INTO `tickets_T` (`ticketId`,`bookingId`,`CustomerdId`,`BookingStatus`,`BookingTime`) VALUES (15,23,19,"1","2020-05-08 19:05:43");
INSERT INTO `tickets_T` (`ticketId`,`bookingId`,`CustomerdId`,`BookingStatus`,`BookingTime`) VALUES (16,55,70,"0","2019-08-28 20:08:39");
INSERT INTO `tickets_T` (`ticketId`,`bookingId`,`CustomerdId`,`BookingStatus`,`BookingTime`) VALUES (17,75,26,"1","2020-04-14 03:04:13");
INSERT INTO `tickets_T` (`ticketId`,`bookingId`,`CustomerdId`,`BookingStatus`,`BookingTime`) VALUES (18,84,65,"1","2019-10-30 02:10:23");
INSERT INTO `tickets_T` (`ticketId`,`bookingId`,`CustomerdId`,`BookingStatus`,`BookingTime`) VALUES (19,47,96,"1","2019-12-06 00:12:03");
INSERT INTO `tickets_T` (`ticketId`,`bookingId`,`CustomerdId`,`BookingStatus`,`BookingTime`) VALUES (20,44,83,"1","2019-08-05 22:08:45");
INSERT INTO `tickets_T` (`ticketId`,`bookingId`,`CustomerdId`,`BookingStatus`,`BookingTime`) VALUES (21,18,39,"1","2020-01-12 10:01:08");
INSERT INTO `tickets_T` (`ticketId`,`bookingId`,`CustomerdId`,`BookingStatus`,`BookingTime`) VALUES (22,63,57,"0","2019-10-15 18:10:17");
INSERT INTO `tickets_T` (`ticketId`,`bookingId`,`CustomerdId`,`BookingStatus`,`BookingTime`) VALUES (23,86,35,"0","2019-12-15 09:12:04");
INSERT INTO `tickets_T` (`ticketId`,`bookingId`,`CustomerdId`,`BookingStatus`,`BookingTime`) VALUES (24,37,96,"0","2020-01-04 12:01:16");
INSERT INTO `tickets_T` (`ticketId`,`bookingId`,`CustomerdId`,`BookingStatus`,`BookingTime`) VALUES (25,92,80,"1","2019-08-31 20:08:17");
INSERT INTO `tickets_T` (`ticketId`,`bookingId`,`CustomerdId`,`BookingStatus`,`BookingTime`) VALUES (26,79,83,"0","2020-04-20 21:04:43");
INSERT INTO `tickets_T` (`ticketId`,`bookingId`,`CustomerdId`,`BookingStatus`,`BookingTime`) VALUES (27,72,94,"0","2020-04-14 14:04:30");
INSERT INTO `tickets_T` (`ticketId`,`bookingId`,`CustomerdId`,`BookingStatus`,`BookingTime`) VALUES (28,41,3,"0","2020-03-23 02:03:32");
INSERT INTO `tickets_T` (`ticketId`,`bookingId`,`CustomerdId`,`BookingStatus`,`BookingTime`) VALUES (29,44,91,"1","2019-08-25 12:08:48");
INSERT INTO `tickets_T` (`ticketId`,`bookingId`,`CustomerdId`,`BookingStatus`,`BookingTime`) VALUES (30,68,15,"1","2019-06-30 15:06:02");
INSERT INTO `tickets_T` (`ticketId`,`bookingId`,`CustomerdId`,`BookingStatus`,`BookingTime`) VALUES (31,49,2,"0","2019-07-28 06:07:57");
INSERT INTO `tickets_T` (`ticketId`,`bookingId`,`CustomerdId`,`BookingStatus`,`BookingTime`) VALUES (32,50,81,"0","2019-05-13 01:05:37");
INSERT INTO `tickets_T` (`ticketId`,`bookingId`,`CustomerdId`,`BookingStatus`,`BookingTime`) VALUES (33,37,27,"1","2019-09-02 17:09:59");
INSERT INTO `tickets_T` (`ticketId`,`bookingId`,`CustomerdId`,`BookingStatus`,`BookingTime`) VALUES (34,40,34,"0","2020-03-07 04:03:35");
INSERT INTO `tickets_T` (`ticketId`,`bookingId`,`CustomerdId`,`BookingStatus`,`BookingTime`) VALUES (35,5,63,"0","2019-10-03 08:10:10");
INSERT INTO `tickets_T` (`ticketId`,`bookingId`,`CustomerdId`,`BookingStatus`,`BookingTime`) VALUES (36,45,76,"0","2020-04-11 13:04:52");
INSERT INTO `tickets_T` (`ticketId`,`bookingId`,`CustomerdId`,`BookingStatus`,`BookingTime`) VALUES (37,28,100,"0","2019-07-28 10:07:33");
INSERT INTO `tickets_T` (`ticketId`,`bookingId`,`CustomerdId`,`BookingStatus`,`BookingTime`) VALUES (38,17,5,"1","2020-02-10 21:02:22");
INSERT INTO `tickets_T` (`ticketId`,`bookingId`,`CustomerdId`,`BookingStatus`,`BookingTime`) VALUES (39,45,84,"0","2020-03-03 15:03:18");
INSERT INTO `tickets_T` (`ticketId`,`bookingId`,`CustomerdId`,`BookingStatus`,`BookingTime`) VALUES (40,52,45,"0","2019-09-20 06:09:38");
INSERT INTO `tickets_T` (`ticketId`,`bookingId`,`CustomerdId`,`BookingStatus`,`BookingTime`) VALUES (41,33,63,"1","2019-05-26 01:05:57");
INSERT INTO `tickets_T` (`ticketId`,`bookingId`,`CustomerdId`,`BookingStatus`,`BookingTime`) VALUES (42,88,61,"0","2020-02-08 05:02:15");
INSERT INTO `tickets_T` (`ticketId`,`bookingId`,`CustomerdId`,`BookingStatus`,`BookingTime`) VALUES (43,24,82,"0","2019-06-16 00:06:13");
INSERT INTO `tickets_T` (`ticketId`,`bookingId`,`CustomerdId`,`BookingStatus`,`BookingTime`) VALUES (44,53,80,"0","2020-02-26 15:02:17");
INSERT INTO `tickets_T` (`ticketId`,`bookingId`,`CustomerdId`,`BookingStatus`,`BookingTime`) VALUES (45,8,18,"0","2019-06-18 19:06:14");
INSERT INTO `tickets_T` (`ticketId`,`bookingId`,`CustomerdId`,`BookingStatus`,`BookingTime`) VALUES (46,80,90,"0","2019-07-21 11:07:04");
INSERT INTO `tickets_T` (`ticketId`,`bookingId`,`CustomerdId`,`BookingStatus`,`BookingTime`) VALUES (47,63,89,"1","2019-08-27 10:08:09");
INSERT INTO `tickets_T` (`ticketId`,`bookingId`,`CustomerdId`,`BookingStatus`,`BookingTime`) VALUES (48,28,47,"0","2020-02-23 09:02:25");
INSERT INTO `tickets_T` (`ticketId`,`bookingId`,`CustomerdId`,`BookingStatus`,`BookingTime`) VALUES (49,10,93,"0","2020-04-23 02:04:39");
INSERT INTO `tickets_T` (`ticketId`,`bookingId`,`CustomerdId`,`BookingStatus`,`BookingTime`) VALUES (50,86,17,"1","2019-08-08 16:08:13");
INSERT INTO `tickets_T` (`ticketId`,`bookingId`,`CustomerdId`,`BookingStatus`,`BookingTime`) VALUES (51,89,13,"1","2019-05-18 07:05:39");
INSERT INTO `tickets_T` (`ticketId`,`bookingId`,`CustomerdId`,`BookingStatus`,`BookingTime`) VALUES (52,12,31,"0","2020-03-28 17:03:32");
INSERT INTO `tickets_T` (`ticketId`,`bookingId`,`CustomerdId`,`BookingStatus`,`BookingTime`) VALUES (53,6,38,"0","2019-08-12 18:08:19");
INSERT INTO `tickets_T` (`ticketId`,`bookingId`,`CustomerdId`,`BookingStatus`,`BookingTime`) VALUES (54,18,82,"1","2020-03-20 11:03:37");
INSERT INTO `tickets_T` (`ticketId`,`bookingId`,`CustomerdId`,`BookingStatus`,`BookingTime`) VALUES (55,18,62,"0","2020-01-19 04:01:41");
INSERT INTO `tickets_T` (`ticketId`,`bookingId`,`CustomerdId`,`BookingStatus`,`BookingTime`) VALUES (56,33,30,"1","2019-07-26 07:07:47");
INSERT INTO `tickets_T` (`ticketId`,`bookingId`,`CustomerdId`,`BookingStatus`,`BookingTime`) VALUES (57,48,59,"1","2020-04-28 02:04:50");
INSERT INTO `tickets_T` (`ticketId`,`bookingId`,`CustomerdId`,`BookingStatus`,`BookingTime`) VALUES (58,32,88,"1","2019-10-24 05:10:25");
INSERT INTO `tickets_T` (`ticketId`,`bookingId`,`CustomerdId`,`BookingStatus`,`BookingTime`) VALUES (59,5,45,"1","2020-03-22 11:03:02");
INSERT INTO `tickets_T` (`ticketId`,`bookingId`,`CustomerdId`,`BookingStatus`,`BookingTime`) VALUES (60,36,46,"1","2020-03-26 17:03:06");
INSERT INTO `tickets_T` (`ticketId`,`bookingId`,`CustomerdId`,`BookingStatus`,`BookingTime`) VALUES (61,53,31,"1","2020-02-14 16:02:07");
INSERT INTO `tickets_T` (`ticketId`,`bookingId`,`CustomerdId`,`BookingStatus`,`BookingTime`) VALUES (62,84,35,"0","2019-09-11 08:09:34");
INSERT INTO `tickets_T` (`ticketId`,`bookingId`,`CustomerdId`,`BookingStatus`,`BookingTime`) VALUES (63,40,27,"1","2019-10-27 10:10:20");
INSERT INTO `tickets_T` (`ticketId`,`bookingId`,`CustomerdId`,`BookingStatus`,`BookingTime`) VALUES (64,53,33,"1","2019-08-14 03:08:44");
INSERT INTO `tickets_T` (`ticketId`,`bookingId`,`CustomerdId`,`BookingStatus`,`BookingTime`) VALUES (65,47,85,"0","2019-05-16 16:05:27");
INSERT INTO `tickets_T` (`ticketId`,`bookingId`,`CustomerdId`,`BookingStatus`,`BookingTime`) VALUES (66,64,4,"0","2019-07-02 23:07:46");
INSERT INTO `tickets_T` (`ticketId`,`bookingId`,`CustomerdId`,`BookingStatus`,`BookingTime`) VALUES (67,41,73,"1","2019-09-15 09:09:54");
INSERT INTO `tickets_T` (`ticketId`,`bookingId`,`CustomerdId`,`BookingStatus`,`BookingTime`) VALUES (68,49,99,"1","2020-04-14 02:04:44");
INSERT INTO `tickets_T` (`ticketId`,`bookingId`,`CustomerdId`,`BookingStatus`,`BookingTime`) VALUES (69,11,25,"0","2020-01-07 08:01:52");
INSERT INTO `tickets_T` (`ticketId`,`bookingId`,`CustomerdId`,`BookingStatus`,`BookingTime`) VALUES (70,15,85,"1","2020-02-15 23:02:22");
INSERT INTO `tickets_T` (`ticketId`,`bookingId`,`CustomerdId`,`BookingStatus`,`BookingTime`) VALUES (71,63,43,"1","2019-12-07 03:12:00");
INSERT INTO `tickets_T` (`ticketId`,`bookingId`,`CustomerdId`,`BookingStatus`,`BookingTime`) VALUES (72,65,12,"1","2020-03-28 11:03:27");
INSERT INTO `tickets_T` (`ticketId`,`bookingId`,`CustomerdId`,`BookingStatus`,`BookingTime`) VALUES (73,4,60,"0","2019-08-25 19:08:11");
INSERT INTO `tickets_T` (`ticketId`,`bookingId`,`CustomerdId`,`BookingStatus`,`BookingTime`) VALUES (74,14,82,"1","2019-07-18 05:07:58");
INSERT INTO `tickets_T` (`ticketId`,`bookingId`,`CustomerdId`,`BookingStatus`,`BookingTime`) VALUES (75,22,19,"0","2019-06-27 06:06:03");
INSERT INTO `tickets_T` (`ticketId`,`bookingId`,`CustomerdId`,`BookingStatus`,`BookingTime`) VALUES (76,44,72,"1","2019-10-12 10:10:08");
INSERT INTO `tickets_T` (`ticketId`,`bookingId`,`CustomerdId`,`BookingStatus`,`BookingTime`) VALUES (77,25,16,"0","2019-07-24 19:07:27");
INSERT INTO `tickets_T` (`ticketId`,`bookingId`,`CustomerdId`,`BookingStatus`,`BookingTime`) VALUES (78,6,58,"0","2020-03-21 09:03:34");
INSERT INTO `tickets_T` (`ticketId`,`bookingId`,`CustomerdId`,`BookingStatus`,`BookingTime`) VALUES (79,25,84,"0","2020-01-04 20:01:49");
INSERT INTO `tickets_T` (`ticketId`,`bookingId`,`CustomerdId`,`BookingStatus`,`BookingTime`) VALUES (80,81,29,"1","2020-04-18 01:04:02");
INSERT INTO `tickets_T` (`ticketId`,`bookingId`,`CustomerdId`,`BookingStatus`,`BookingTime`) VALUES (81,8,47,"1","2019-10-23 07:10:55");
INSERT INTO `tickets_T` (`ticketId`,`bookingId`,`CustomerdId`,`BookingStatus`,`BookingTime`) VALUES (82,41,76,"0","2020-02-24 14:02:26");
INSERT INTO `tickets_T` (`ticketId`,`bookingId`,`CustomerdId`,`BookingStatus`,`BookingTime`) VALUES (83,4,75,"1","2019-06-04 02:06:16");
INSERT INTO `tickets_T` (`ticketId`,`bookingId`,`CustomerdId`,`BookingStatus`,`BookingTime`) VALUES (84,50,1,"1","2020-02-19 00:02:19");
INSERT INTO `tickets_T` (`ticketId`,`bookingId`,`CustomerdId`,`BookingStatus`,`BookingTime`) VALUES (85,26,60,"0","2019-06-09 19:06:03");
INSERT INTO `tickets_T` (`ticketId`,`bookingId`,`CustomerdId`,`BookingStatus`,`BookingTime`) VALUES (86,24,25,"0","2020-02-15 10:02:15");
INSERT INTO `tickets_T` (`ticketId`,`bookingId`,`CustomerdId`,`BookingStatus`,`BookingTime`) VALUES (87,9,39,"1","2020-04-14 12:04:28");
INSERT INTO `tickets_T` (`ticketId`,`bookingId`,`CustomerdId`,`BookingStatus`,`BookingTime`) VALUES (88,84,59,"0","2019-05-20 06:05:17");
INSERT INTO `tickets_T` (`ticketId`,`bookingId`,`CustomerdId`,`BookingStatus`,`BookingTime`) VALUES (89,72,54,"1","2020-02-04 07:02:12");
INSERT INTO `tickets_T` (`ticketId`,`bookingId`,`CustomerdId`,`BookingStatus`,`BookingTime`) VALUES (90,48,81,"1","2020-01-28 04:01:05");
INSERT INTO `tickets_T` (`ticketId`,`bookingId`,`CustomerdId`,`BookingStatus`,`BookingTime`) VALUES (91,11,75,"0","2019-05-30 19:05:44");
INSERT INTO `tickets_T` (`ticketId`,`bookingId`,`CustomerdId`,`BookingStatus`,`BookingTime`) VALUES (92,52,67,"1","2019-07-10 17:07:05");
INSERT INTO `tickets_T` (`ticketId`,`bookingId`,`CustomerdId`,`BookingStatus`,`BookingTime`) VALUES (93,68,95,"0","2019-12-12 18:12:55");
INSERT INTO `tickets_T` (`ticketId`,`bookingId`,`CustomerdId`,`BookingStatus`,`BookingTime`) VALUES (94,17,94,"0","2020-02-07 00:02:52");
INSERT INTO `tickets_T` (`ticketId`,`bookingId`,`CustomerdId`,`BookingStatus`,`BookingTime`) VALUES (95,34,90,"0","2019-06-10 09:06:38");
INSERT INTO `tickets_T` (`ticketId`,`bookingId`,`CustomerdId`,`BookingStatus`,`BookingTime`) VALUES (96,61,46,"1","2020-04-29 00:04:56");
INSERT INTO `tickets_T` (`ticketId`,`bookingId`,`CustomerdId`,`BookingStatus`,`BookingTime`) VALUES (97,25,88,"1","2019-08-29 09:08:38");
INSERT INTO `tickets_T` (`ticketId`,`bookingId`,`CustomerdId`,`BookingStatus`,`BookingTime`) VALUES (98,22,38,"0","2019-11-11 02:11:14");
INSERT INTO `tickets_T` (`ticketId`,`bookingId`,`CustomerdId`,`BookingStatus`,`BookingTime`) VALUES (99,88,8,"0","2020-02-26 23:02:38");
INSERT INTO `tickets_T` (`ticketId`,`bookingId`,`CustomerdId`,`BookingStatus`,`BookingTime`) VALUES (100,87,69,"0","2019-10-16 05:10:03");


-- tickets_t

